Дата,Цена Bitcoin,Цена Ethereum
2016-03-10,415.8,11.75
2016-03-11,419.1,11.95
2016-03-12,410.4,12.92
2016-03-13,412.4,15.07
2016-03-14,414.3,12.5
2016-03-15,415.1,13.06
2016-03-16,415.9,12.88
2016-03-17,418.2,10.74
2016-03-18,408.2,10.74
2016-03-19,408.7,10.31
2016-03-20,411.5,10.18
2016-03-21,411.1,11.95
2016-03-22,416.2,11.37
2016-03-23,417.0,12.43
2016-03-24,414.7,11.2
2016-03-25,415.7,10.67
2016-03-26,416.5,11.0
2016-03-27,424.6,10.4
2016-03-28,422.2,11.62
2016-03-29,415.0,11.79
2016-03-30,412.4,11.85
2016-03-31,415.7,11.41
2016-04-01,415.6,11.62
2016-04-02,418.5,11.61
2016-04-03,419.1,11.75
2016-04-04,419.3,11.15
2016-04-05,422.1,10.4
2016-04-06,421.3,10.76
2016-04-07,420.1,10.12
2016-04-08,417.7,9.71
2016-04-09,418.0,9.15
2016-04-10,420.3,8.76
2016-04-11,421.4,8.68
2016-04-12,424.7,7.53
2016-04-13,423.5,8.09
2016-04-14,424.0,8.46
2016-04-15,428.7,8.32
2016-04-16,430.0,8.54
2016-04-17,426.3,9.46
2016-04-18,427.7,8.97
2016-04-19,434.9,8.71
2016-04-20,441.2,8.61
2016-04-21,449.3,8.11
2016-04-22,445.3,7.97
2016-04-23,450.1,8.46
2016-04-24,457.6,8.1
2016-04-25,461.7,7.54
2016-04-26,466.0,7.5
2016-04-27,447.0,7.8
2016-04-28,448.5,7.33
2016-04-29,455.0,7.52
2016-04-30,448.5,8.87
2016-05-01,452.2,8.75
2016-05-02,444.2,10.0
2016-05-03,450.3,9.34
2016-05-04,445.8,9.46
2016-05-05,448.1,9.79
2016-05-06,459.6,9.35
2016-05-07,458.5,9.35
2016-05-08,457.9,9.5
2016-05-09,460.4,9.32
2016-05-10,449.4,9.38
2016-05-11,452.5,9.89
2016-05-12,454.4,10.04
2016-05-13,455.4,10.6
2016-05-14,456.4,10.16
2016-05-15,458.1,9.97
2016-05-16,454.9,11.09
2016-05-17,453.3,12.08
2016-05-18,454.2,13.35
2016-05-19,442.7,14.58
2016-05-20,442.1,13.79
2016-05-21,443.6,14.0
2016-05-22,439.6,14.21
2016-05-23,443.7,13.42
2016-05-24,446.1,12.73
2016-05-25,449.8,12.49
2016-05-26,453.3,12.48
2016-05-27,474.0,11.12
2016-05-28,524.2,11.98
2016-05-29,516.0,12.41
2016-05-30,532.3,12.72
2016-05-31,528.9,14.01
2016-06-01,537.4,13.85
2016-06-02,537.1,13.8
2016-06-03,567.0,13.84
2016-06-04,572.0,13.81
2016-06-05,574.9,13.95
2016-06-06,583.6,14.03
2016-06-07,575.6,14.5
2016-06-08,580.5,14.49
2016-06-09,574.7,14.45
2016-06-10,577.9,13.97
2016-06-11,591.6,14.15
2016-06-12,666.5,15.8
2016-06-13,700.1,17.73
2016-06-14,685.1,18.73
2016-06-15,690.8,18.45
2016-06-16,761.2,20.7
2016-06-17,743.9,15.61
2016-06-18,753.8,11.41
2016-06-19,761.0,12.43
2016-06-20,734.0,11.9
2016-06-21,667.4,12.94
2016-06-22,590.6,13.25
2016-06-23,620.8,13.75
2016-06-24,656.9,14.29
2016-06-25,663.5,14.31
2016-06-26,625.4,13.75
2016-06-27,644.7,13.96
2016-06-28,644.9,12.22
2016-06-29,636.5,12.77
2016-06-30,670.0,12.5
2016-07-01,674.6,12.35
2016-07-02,698.1,12.14
2016-07-03,661.6,11.78
2016-07-04,675.2,11.42
2016-07-05,663.7,10.53
2016-07-06,672.7,10.55
2016-07-07,635.3,10.14
2016-07-08,662.8,11.31
2016-07-09,651.8,10.9
2016-07-10,647.1,10.95
2016-07-11,646.7,10.51
2016-07-12,670.6,10.55
2016-07-13,661.2,10.47
2016-07-14,657.3,11.6
2016-07-15,664.2,11.93
2016-07-16,660.7,11.72
2016-07-17,676.3,11.24
2016-07-18,670.4,11.04
2016-07-19,671.1,11.75
2016-07-20,664.4,12.48
2016-07-21,664.6,12.55
2016-07-22,651.1,14.67
2016-07-23,655.2,14.25
2016-07-24,659.3,12.65
2016-07-25,654.0,13.8
2016-07-26,654.4,12.01
2016-07-27,654.5,13.03
2016-07-28,654.1,12.87
2016-07-29,655.4,12.9
2016-07-30,654.7,12.52
2016-07-31,621.9,11.86
2016-08-01,607.0,11.08
2016-08-02,513.4,10.16
2016-08-03,566.4,10.16
2016-08-04,576.2,10.16
2016-08-05,574.7,10.16
2016-08-06,586.5,10.16
2016-08-07,590.8,10.16
2016-08-08,589.2,10.16
2016-08-09,585.3,10.16
2016-08-10,590.9,12.07
2016-08-11,587.8,11.64
2016-08-12,587.1,11.67
2016-08-13,584.6,11.48
2016-08-14,569.1,11.16
2016-08-15,567.0,11.09
2016-08-16,580.2,11.07
2016-08-17,572.3,10.72
2016-08-18,573.4,10.69
2016-08-19,574.6,10.68
2016-08-20,582.6,11.26
2016-08-21,580.7,11.13
2016-08-22,587.5,11.14
2016-08-23,583.6,10.99
2016-08-24,579.7,10.98
2016-08-25,578.0,11.39
2016-08-26,579.4,11.22
2016-08-27,570.3,11.2
2016-08-28,575.0,10.94
2016-08-29,574.2,10.93
2016-08-30,577.3,11.29
2016-08-31,573.9,11.63
2016-09-01,572.0,12.22
2016-09-02,575.3,12.13
2016-09-03,598.8,12.01
2016-09-04,609.5,11.73
2016-09-05,605.8,11.85
2016-09-06,610.4,11.73
2016-09-07,613.2,11.64
2016-09-08,625.6,11.45
2016-09-09,623.2,11.68
2016-09-10,624.5,12.13
2016-09-11,605.6,11.68
2016-09-12,608.0,12.0
2016-09-13,608.6,12.01
2016-09-14,609.5,11.94
2016-09-15,608.1,12.01
2016-09-16,607.8,12.68
2016-09-17,607.1,12.8
2016-09-18,610.7,12.32
2016-09-19,609.8,12.9
2016-09-20,609.2,14.45
2016-09-21,597.2,13.74
2016-09-22,595.6,13.17
2016-09-23,602.9,13.36
2016-09-24,602.6,12.86
2016-09-25,601.5,13.05
2016-09-26,606.5,12.9
2016-09-27,605.5,13.08
2016-09-28,604.7,13.25
2016-09-29,604.7,13.1
2016-09-30,608.1,13.3
2016-10-01,613.4,13.18
2016-10-02,610.7,13.16
2016-10-03,611.6,13.44
2016-10-04,609.0,13.33
2016-10-05,611.8,13.11
2016-10-06,611.0,12.84
2016-10-07,616.0,12.69
2016-10-08,617.7,12.26
2016-10-09,615.8,12.01
2016-10-10,617.3,11.73
2016-10-11,640.5,11.78
2016-10-12,636.0,11.72
2016-10-13,635.6,12.07
2016-10-14,637.9,11.93
2016-10-15,637.0,12.01
2016-10-16,640.1,11.98
2016-10-17,637.4,12.0
2016-10-18,635.3,12.54
2016-10-19,629.1,11.99
2016-10-20,628.3,12.09
2016-10-21,630.5,12.16
2016-10-22,655.5,12.29
2016-10-23,653.0,12.07
2016-10-24,650.5,11.99
2016-10-25,651.0,11.36
2016-10-26,674.7,11.5
2016-10-27,682.3,11.57
2016-10-28,686.2,11.15
2016-10-29,715.0,10.38
2016-10-30,697.3,11.28
2016-10-31,698.7,10.96
2016-11-01,726.8,10.81
2016-11-02,733.5,10.86
2016-11-03,684.9,10.86
2016-11-04,702.1,11.21
2016-11-05,702.1,11.17
2016-11-06,709.9,10.91
2016-11-07,705.4,10.88
2016-11-08,710.9,10.92
2016-11-09,721.4,10.72
2016-11-10,714.6,10.54
2016-11-11,715.0,10.27
2016-11-12,704.3,10.01
2016-11-13,702.0,10.08
2016-11-14,704.6,10.0
2016-11-15,711.1,10.27
2016-11-16,740.3,10.02
2016-11-17,737.5,9.99
2016-11-18,747.0,9.52
2016-11-19,747.9,9.73
2016-11-20,728.5,9.57
2016-11-21,736.2,9.61
2016-11-22,749.3,9.84
2016-11-23,741.1,9.69
2016-11-24,735.3,9.2
2016-11-25,740.4,9.38
2016-11-26,734.1,9.33
2016-11-27,729.4,8.88
2016-11-28,733.3,8.7
2016-11-29,732.6,8.16
2016-11-30,742.5,8.62
2016-12-01,752.6,8.46
2016-12-02,770.9,7.7
2016-12-03,764.2,7.91
2016-12-04,766.4,7.55
2016-12-05,754.3,6.7
2016-12-06,758.2,7.71
2016-12-07,765.6,8.33
2016-12-08,768.5,8.3
2016-12-09,770.5,8.52
2016-12-10,774.0,8.12
2016-12-11,767.9,8.19
2016-12-12,778.5,8.45
2016-12-13,778.7,8.36
2016-12-14,776.5,8.21
2016-12-15,775.2,7.83
2016-12-16,782.0,7.86
2016-12-17,787.2,7.73
2016-12-18,789.0,7.93
2016-12-19,789.8,7.58
2016-12-20,799.1,7.61
2016-12-21,829.2,7.89
2016-12-22,860.2,7.61
2016-12-23,917.2,7.16
2016-12-24,891.1,7.25
2016-12-25,891.1,7.23
2016-12-26,898.4,7.27
2016-12-27,925.8,7.12
2016-12-28,972.2,7.58
2016-12-29,971.1,8.27
2016-12-30,959.0,8.16
2016-12-31,963.4,8.0
2017-01-01,995.4,8.2
2017-01-02,1017.0,8.37
2017-01-03,1033.3,9.74
2017-01-04,1135.4,11.0
2017-01-05,989.3,10.15
2017-01-06,886.2,10.08
2017-01-07,888.9,9.84
2017-01-08,900.9,10.28
2017-01-09,899.8,10.26
2017-01-10,904.4,10.61
2017-01-11,785.4,9.79
2017-01-12,810.1,9.83
2017-01-13,824.8,9.67
2017-01-14,819.6,9.67
2017-01-15,821.2,9.81
2017-01-16,827.3,9.61
2017-01-17,899.7,10.12
2017-01-18,872.0,10.19
2017-01-19,895.2,10.38
2017-01-20,892.9,10.62
2017-01-21,919.8,10.95
2017-01-22,918.8,10.64
2017-01-23,921.5,10.77
2017-01-24,893.8,10.5
2017-01-25,894.4,10.48
2017-01-26,915.6,10.63
2017-01-27,918.0,10.5
2017-01-28,918.5,10.51
2017-01-29,914.5,10.46
2017-01-30,920.7,10.53
2017-01-31,965.5,10.71
2017-02-01,982.4,10.71
2017-02-02,1004.0,10.8
2017-02-03,1013.0,10.93
2017-02-04,1031.8,11.32
2017-02-05,1016.1,11.18
2017-02-06,1024.7,11.32
2017-02-07,1049.6,11.41
2017-02-08,1055.5,11.35
2017-02-09,979.0,10.9
2017-02-10,997.6,11.3
2017-02-11,1008.3,11.33
2017-02-12,996.5,11.26
2017-02-13,995.4,11.35
2017-02-14,1008.3,12.96
2017-02-15,1008.2,12.92
2017-02-16,1031.9,12.92
2017-02-17,1049.4,12.76
2017-02-18,1052.3,12.79
2017-02-19,1048.9,12.8
2017-02-20,1077.6,12.4
2017-02-21,1119.0,12.82
2017-02-22,1120.5,12.68
2017-02-23,1171.9,13.27
2017-02-24,1176.5,13.11
2017-02-25,1149.1,13.55
2017-02-26,1171.6,14.57
2017-02-27,1188.8,15.5
2017-02-28,1189.3,15.86
2017-03-01,1222.7,17.43
2017-03-02,1255.5,19.02
2017-03-03,1283.3,19.49
2017-03-04,1264.3,18.5
2017-03-05,1271.2,19.35
2017-03-06,1277.0,19.51
2017-03-07,1232.7,18.88
2017-03-08,1147.0,16.51
2017-03-09,1191.3,17.75
2017-03-10,1112.4,19.18
2017-03-11,1179.2,21.3
2017-03-12,1225.1,23.2
2017-03-13,1238.2,28.4
2017-03-14,1243.1,28.66
2017-03-15,1253.4,34.8
2017-03-16,1172.9,45.07
2017-03-17,1071.7,44.65
2017-03-18,971.4,34.2
2017-03-19,1022.6,43.17
2017-03-20,1047.5,42.06
2017-03-21,1121.3,42.45
2017-03-22,1044.7,41.46
2017-03-23,1035.0,43.14
2017-03-24,939.7,54.01
2017-03-25,966.3,50.75
2017-03-26,969.4,50.46
2017-03-27,1045.1,48.93
2017-03-28,1044.4,50.16
2017-03-29,1041.9,52.88
2017-03-30,1037.9,51.62
2017-03-31,1079.1,49.72
2017-04-01,1086.1,50.59
2017-04-02,1097.4,48.6
2017-04-03,1147.6,44.28
2017-04-04,1141.8,44.41
2017-04-05,1129.9,45.35
2017-04-06,1188.7,43.11
2017-04-07,1190.5,42.25
2017-04-08,1180.8,44.51
2017-04-09,1204.3,43.94
2017-04-10,1206.7,44.17
2017-04-11,1220.7,44.21
2017-04-12,1212.5,46.85
2017-04-13,1176.2,50.65
2017-04-14,1177.3,48.5
2017-04-15,1177.0,49.71
2017-04-16,1176.8,49.58
2017-04-17,1194.0,49.52
2017-04-18,1206.1,52.42
2017-04-19,1215.2,49.66
2017-04-20,1238.1,51.96
2017-04-21,1249.6,51.37
2017-04-22,1240.9,52.15
2017-04-23,1249.1,53.33
2017-04-24,1248.2,53.54
2017-04-25,1264.3,53.9
2017-04-26,1286.6,57.31
2017-04-27,1332.9,68.0
2017-04-28,1329.6,76.0
2017-04-29,1336.3,73.55
2017-04-30,1351.9,83.51
2017-05-01,1415.8,81.4
2017-05-02,1445.9,82.01
2017-05-03,1485.6,85.79
2017-05-04,1516.8,99.2
2017-05-05,1507.8,91.5
2017-05-06,1545.3,96.65
2017-05-07,1554.4,94.21
2017-05-08,1664.5,88.97
2017-05-09,1697.5,88.94
2017-05-10,1752.3,88.33
2017-05-11,1819.3,89.38
2017-05-12,1686.4,86.99
2017-05-13,1763.7,89.9
2017-05-14,1772.6,90.37
2017-05-15,1708.9,92.56
2017-05-16,1729.3,88.17
2017-05-17,1801.3,89.67
2017-05-18,1881.0,98.6
2017-05-19,1962.0,124.4
2017-05-20,2040.2,123.03
2017-05-21,2044.2,146.14
2017-05-22,2124.4,154.92
2017-05-23,2272.6,168.24
2017-05-24,2445.3,183.88
2017-05-25,2307.2,168.71
2017-05-26,2244.9,152.8
2017-05-27,2052.4,149.99
2017-05-28,2189.0,161.91
2017-05-29,2278.2,189.99
2017-05-30,2192.6,224.69
2017-05-31,2303.3,218.34
2017-06-01,2412.6,211.4
2017-06-02,2492.6,214.77
2017-06-03,2545.4,217.01
2017-06-04,2524.1,241.06
2017-06-05,2705.0,242.16
2017-06-06,2870.5,261.89
2017-06-07,2691.5,250.7
2017-06-08,2798.8,256.95
2017-06-09,2811.4,278.41
2017-06-10,2900.3,325.88
2017-06-11,2973.4,336.33
2017-06-12,2656.8,386.9
2017-06-13,2713.0,382.7
2017-06-14,2467.3,335.95
2017-06-15,2442.5,338.7
2017-06-16,2508.6,348.44
2017-06-17,2655.1,364.56
2017-06-18,2539.6,348.88
2017-06-19,2616.8,355.5
2017-06-20,2754.4,344.15
2017-06-21,2677.6,321.66
2017-06-22,2722.8,320.94
2017-06-23,2710.4,324.37
2017-06-24,2590.1,296.89
2017-06-25,2541.6,277.0
2017-06-26,2446.1,251.3
2017-06-27,2583.8,279.0
2017-06-28,2577.7,311.62
2017-06-29,2558.4,285.3
2017-06-30,2480.6,275.62
2017-07-01,2424.6,255.0
2017-07-02,2536.5,277.64
2017-07-03,2572.5,273.99
2017-07-04,2617.3,266.68
2017-07-05,2627.9,264.77
2017-07-06,2614.2,265.35
2017-07-07,2513.9,238.38
2017-07-08,2564.9,245.23
2017-07-09,2511.4,234.97
2017-07-10,2344.0,202.0
2017-07-11,2324.3,188.63
2017-07-12,2403.1,223.92
2017-07-13,2362.4,205.0
2017-07-14,2234.2,196.49
2017-07-15,1975.1,170.15
2017-07-16,1914.1,157.4
2017-07-17,2233.4,190.16
2017-07-18,2320.2,226.56
2017-07-19,2282.6,194.63
2017-07-20,2866.0,227.29
2017-07-21,2675.1,216.11
2017-07-22,2836.5,232.01
2017-07-23,2756.6,228.15
2017-07-24,2763.4,226.59
2017-07-25,2582.6,202.7
2017-07-26,2559.2,203.33
2017-07-27,2691.9,202.54
2017-07-28,2806.8,191.2
2017-07-29,2733.5,206.76
2017-07-30,2766.5,195.31
2017-07-31,2883.3,200.81
2017-08-01,2747.0,225.97
2017-08-02,2720.5,218.0
2017-08-03,2810.0,224.79
2017-08-04,2878.5,220.73
2017-08-05,3262.8,253.87
2017-08-06,3232.0,264.29
2017-08-07,3401.9,269.51
2017-08-08,3429.4,295.83
2017-08-09,3348.8,293.99
2017-08-10,3425.7,295.97
2017-08-11,3654.4,308.81
2017-08-12,3871.6,307.22
2017-08-13,4062.6,296.64
2017-08-14,4327.9,298.22
2017-08-15,4161.7,286.0
2017-08-16,4387.4,301.34
2017-08-17,4278.9,299.0
2017-08-18,4105.4,292.0
2017-08-19,4150.5,292.78
2017-08-20,4066.6,298.37
2017-08-21,4005.1,322.24
2017-08-22,4089.7,312.54
2017-08-23,4141.1,316.5
2017-08-24,4318.4,325.62
2017-08-25,4364.4,328.7
2017-08-26,4352.3,332.72
2017-08-27,4345.8,348.01
2017-08-28,4390.3,347.09
2017-08-29,4597.3,372.0
2017-08-30,4583.0,382.78
2017-08-31,4735.1,387.3
2017-09-01,4921.9,390.35
2017-09-02,4573.8,345.0
2017-09-03,4612.9,350.63
2017-09-04,4267.5,295.81
2017-09-05,4409.1,316.18
2017-09-06,4618.7,337.36
2017-09-07,4635.6,334.1
2017-09-08,4326.5,304.0
2017-09-09,4335.1,303.08
2017-09-10,4245.9,297.9
2017-09-11,4217.9,297.19
2017-09-12,4158.9,293.9
2017-09-13,3870.3,275.48
2017-09-14,3243.1,222.5
2017-09-15,3713.8,258.68
2017-09-16,3698.9,253.0
2017-09-17,3689.6,257.0
2017-09-18,4100.3,296.81
2017-09-19,3908.0,282.63
2017-09-20,3882.2,283.5
2017-09-21,3617.3,256.67
2017-09-22,3600.8,262.19
2017-09-23,3788.0,285.9
2017-09-24,3667.5,282.0
2017-09-25,3932.8,295.2
2017-09-26,3892.7,289.28
2017-09-27,4212.2,309.75
2017-09-28,4195.6,302.63
2017-09-29,4172.8,292.66
2017-09-30,4360.6,303.44
2017-10-01,4403.1,304.26
2017-10-02,4401.3,296.82
2017-10-03,4314.2,291.69
2017-10-04,4218.7,291.4
2017-10-05,4321.4,295.12
2017-10-06,4371.9,308.43
2017-10-07,4435.8,311.46
2017-10-08,4611.7,309.82
2017-10-09,4777.5,297.4
2017-10-10,4763.4,299.32
2017-10-11,4824.2,303.2
2017-10-12,5432.6,303.06
2017-10-13,5637.3,337.46
2017-10-14,5824.7,339.24
2017-10-15,5688.1,337.23
2017-10-16,5759.3,334.46
2017-10-17,5598.6,315.65
2017-10-18,5575.8,313.45
2017-10-19,5698.6,306.97
2017-10-20,5993.1,302.61
2017-10-21,6006.6,299.23
2017-10-22,5982.9,293.55
2017-10-23,5903.6,284.85
2017-10-24,5513.1,296.3
2017-10-25,5734.0,295.46
2017-10-26,5887.6,295.1
2017-10-27,5764.6,295.99
2017-10-28,5726.6,293.49
2017-10-29,6147.5,304.39
2017-10-30,6124.3,307.0
2017-10-31,6451.2,303.69
2017-11-01,6737.8,288.6
2017-11-02,7024.8,284.89
2017-11-03,7152.1,303.47
2017-11-04,7363.8,299.48
2017-11-05,7389.5,295.63
2017-11-06,6959.2,296.9
2017-11-07,7102.8,291.42
2017-11-08,7444.4,307.5
2017-11-09,7129.6,319.52
2017-11-10,6565.8,296.18
2017-11-11,6339.9,313.07
2017-11-12,5878.1,303.9
2017-11-13,6522.5,313.22
2017-11-14,6597.1,334.28
2017-11-15,7283.2,330.59
2017-11-16,7853.7,330.76
2017-11-17,7700.0,331.0
2017-11-18,7780.9,346.68
2017-11-19,8042.6,354.7
2017-11-20,8244.7,367.94
2017-11-21,8100.0,360.0
2017-11-22,8234.5,380.48
2017-11-23,8013.4,405.19
2017-11-24,8200.8,470.51
2017-11-25,8754.7,464.0
2017-11-26,9318.4,464.0
2017-11-27,9733.2,473.44
2017-11-28,9906.0,465.56
2017-11-29,9837.9,420.34
2017-11-30,9946.8,432.21
2017-12-01,10861.5,460.67
2017-12-02,10912.7,455.51
2017-12-03,11246.2,459.49
2017-12-04,11623.9,465.0
2017-12-05,11667.1,451.87
2017-12-06,13749.6,413.71
2017-12-07,16850.3,415.02
2017-12-08,16047.6,442.19
2017-12-09,14843.4,460.92
2017-12-10,15059.6,429.24
2017-12-11,16732.5,515.25
2017-12-12,17083.9,634.87
2017-12-13,16286.8,690.69
2017-12-14,16467.9,686.51
2017-12-15,17604.8,678.29
2017-12-16,19345.5,683.25
2017-12-17,19065.7,708.78
2017-12-18,18972.3,783.99
2017-12-19,17523.7,799.98
2017-12-20,16462.0,794.99
2017-12-21,15632.1,786.97
2017-12-22,13665.0,628.19
2017-12-23,14396.5,672.59
2017-12-24,13790.0,659.89
2017-12-25,13833.5,709.81
2017-12-26,15756.6,749.8
2017-12-27,15416.6,736.45
2017-12-28,14398.7,711.42
2017-12-29,14392.6,731.52
2017-12-30,12531.5,682.22
2017-12-31,13850.4,736.77
2018-01-01,13444.9,752.46
2018-01-02,14754.1,858.78
2018-01-03,15156.6,942.01
2018-01-04,15180.1,940.0
2018-01-05,16954.8,962.77
2018-01-06,17172.3,1004.3
2018-01-07,16228.2,1115.8
2018-01-08,14976.2,1129.3
2018-01-09,14778.5,1283.7
2018-01-10,15043.0,1248.0
2018-01-11,13535.4,1135.5
2018-01-12,13886.7,1257.2
2018-01-13,14292.2,1380.0
2018-01-14,13695.2,1350.0
2018-01-15,13697.5,1273.4
2018-01-16,11362.0,1020.1
2018-01-17,11192.3,1017.5
2018-01-18,11245.4,994.81
2018-01-19,11580.2,1032.6
2018-01-20,12858.9,1146.0
2018-01-21,11594.9,1047.0
2018-01-22,10864.8,995.08
2018-01-23,10903.2,982.98
2018-01-24,11452.3,1063.2
2018-01-25,11203.0,1048.2
2018-01-26,11118.1,1047.0
2018-01-27,11467.5,1114.8
2018-01-28,11795.1,1246.6
2018-01-29,11244.8,1175.0
2018-01-30,10166.0,1071.9
2018-01-31,10265.4,1118.08
2018-02-01,9181.1,1033.55
2018-02-02,8893.2,920.85
2018-02-03,9241.1,971.49
2018-02-04,8222.2,829.43
2018-02-05,6938.5,696.86
2018-02-06,7701.2,783.83
2018-02-07,7594.7,753.18
2018-02-08,8164.2,805.4
2018-02-09,8699.8,877.85
2018-02-10,8559.6,851.39
2018-02-11,8081.9,810.45
2018-02-12,8903.5,865.62
2018-02-13,8539.2,841.38
2018-02-14,9476.3,919.67
2018-02-15,10037.3,927.56
2018-02-16,10178.7,937.5
2018-02-17,11073.5,971.54
2018-02-18,10398.8,913.1
2018-02-19,11169.4,940.08
2018-02-20,11238.7,884.51
2018-02-21,10473.0,839.1
2018-02-22,9841.7,803.66
2018-02-23,10170.4,856.65
2018-02-24,9704.3,834.36
2018-02-25,9585.2,840.88
2018-02-26,10285.1,866.99
2018-02-27,10594.4,871.44
2018-02-28,10333.9,852.49
2018-03-01,10904.5,870.04
2018-03-02,10827.7,856.09
2018-03-03,11402.3,855.91
2018-03-04,11416.5,865.53
2018-03-05,11330.6,850.24
2018-03-06,10675.1,814.88
2018-03-07,9902.9,749.98
2018-03-08,9300.0,698.96
2018-03-09,9217.0,725.89
2018-03-10,8762.0,682.52
2018-03-11,9529.6,720.12
2018-03-12,9137.4,697.04
2018-03-13,9154.9,689.57
2018-03-14,8210.6,612.09
2018-03-15,8264.4,610.13
2018-03-16,8289.2,600.79
2018-03-17,7874.9,550.27
2018-03-18,8201.2,536.72
2018-03-19,8616.8,556.16
2018-03-20,8912.6,557.08
2018-03-21,8905.9,560.24
2018-03-22,8726.2,539.87
2018-03-23,8916.8,543.42
2018-03-24,8547.4,520.45
2018-03-25,8473.2,523.5
2018-03-26,8143.5,485.98
2018-03-27,7801.7,448.48
2018-03-28,7954.9,446.84
2018-03-29,7129.2,384.12
2018-03-30,6853.7,393.79
2018-03-31,6938.2,393.96
2018-04-01,6825.2,378.75
2018-04-02,7068.4,385.07
2018-04-03,7424.2,415.55
2018-04-04,6808.9,378.68
2018-04-05,6782.0,381.52
2018-04-06,6624.3,369.97
2018-04-07,6905.7,384.87
2018-04-08,7030.5,400.71
2018-04-09,6781.9,399.05
2018-04-10,6854.8,415.45
2018-04-11,6962.1,430.14
2018-04-12,7926.6,494.03
2018-04-13,7887.4,493.48
2018-04-14,8004.4,502.52
2018-04-15,8363.6,533.9
2018-04-16,8070.0,511.82
2018-04-17,7908.6,503.19
2018-04-18,8178.4,525.66
2018-04-19,8290.8,567.49
2018-04-20,8867.0,617.04
2018-04-21,8923.1,605.59
2018-04-22,8806.7,622.23
2018-04-23,8952.8,644.13
2018-04-24,9645.3,703.02
2018-04-25,8873.1,617.36
2018-04-26,9287.0,662.36
2018-04-27,8940.9,643.97
2018-04-28,9352.4,683.49
2018-04-29,9415.1,689.9
2018-04-30,9245.1,670.07
2018-05-01,9074.9,671.26
2018-05-02,9243.2,688.15
2018-05-03,9749.7,778.95
2018-05-04,9708.6,785.2
2018-05-05,9853.5,818.33
2018-05-06,9656.4,793.19
2018-05-07,9431.6,754.03
2018-05-08,9196.4,748.48
2018-05-09,9319.1,751.62
2018-05-10,9025.7,724.4
2018-05-11,8408.3,676.21
2018-05-12,8459.5,683.94
2018-05-13,8693.5,729.37
2018-05-14,8674.1,727.06
2018-05-15,8477.0,705.73
2018-05-16,8344.4,706.53
2018-05-17,8063.0,668.97
2018-05-18,8245.7,693.28
2018-05-19,8245.1,696.76
2018-05-20,8529.0,716.02
2018-05-21,8403.3,696.85
2018-05-22,8006.0,642.17
2018-05-23,7512.3,577.55
2018-05-24,7592.9,602.43
2018-05-25,7477.7,585.39
2018-05-26,7361.3,586.76
2018-05-27,7366.7,570.69
2018-05-28,7119.3,512.29
2018-05-29,7467.7,566.81
2018-05-30,7400.1,557.98
2018-05-31,7502.6,577.87
2018-06-01,7530.8,579.3
2018-06-02,7646.6,591.3
2018-06-03,7729.3,619.08
2018-06-04,7504.3,591.44
2018-06-05,7631.5,608.83
2018-06-06,7661.0,606.39
2018-06-07,7697.8,604.71
2018-06-08,7622.1,599.67
2018-06-09,7515.8,593.8
2018-06-10,6775.1,524.64
2018-06-11,6885.9,531.42
2018-06-12,6558.2,494.48
2018-06-13,6312.3,476.17
2018-06-14,6647.1,519.49
2018-06-15,6410.3,487.88
2018-06-16,6505.8,496.93
2018-06-17,6460.3,496.43
2018-06-18,6719.8,517.91
2018-06-19,6752.4,538.22
2018-06-20,6765.4,536.31
2018-06-21,6728.0,526.01
2018-06-22,6055.7,462.57
2018-06-23,6167.3,474.14
2018-06-24,6154.6,454.81
2018-06-25,6256.6,458.76
2018-06-26,6082.1,430.33
2018-06-27,6154.9,442.16
2018-06-28,5883.5,421.27
2018-06-29,6213.3,435.37
2018-06-30,6398.9,452.67
2018-07-01,6366.8,452.57
2018-07-02,6619.5,475.7
2018-07-03,6513.5,461.89
2018-07-04,6598.4,467.52
2018-07-05,6546.5,468.47
2018-07-06,6617.7,469.9
2018-07-07,6765.5,485.4
2018-07-08,6714.8,486.45
2018-07-09,6667.1,471.52
2018-07-10,6307.2,432.67
2018-07-11,6389.1,445.99
2018-07-12,6250.6,430.84
2018-07-13,6230.2,432.85
2018-07-14,6254.8,434.09
2018-07-15,6362.9,450.81
2018-07-16,6729.9,479.79
2018-07-17,7322.0,499.87
2018-07-18,7383.6,480.0
2018-07-19,7477.5,469.47
2018-07-20,7339.4,449.38
2018-07-21,7408.7,461.52
2018-07-22,7412.3,459.02
2018-07-23,7723.0,450.56
2018-07-24,8407.0,479.88
2018-07-25,8173.7,472.03
2018-07-26,7937.0,462.75
2018-07-27,8187.4,470.23
2018-07-28,8234.1,468.78
2018-07-29,8215.6,466.41
2018-07-30,8177.1,456.64
2018-07-31,7729.4,431.5
2018-08-01,7606.4,420.3
2018-08-02,7535.6,411.0
2018-08-03,7419.0,417.58
2018-08-04,7014.3,407.09
2018-08-05,7027.1,408.85
2018-08-06,6943.6,405.4
2018-08-07,6724.9,378.25
2018-08-08,6283.6,355.44
2018-08-09,6538.8,363.34
2018-08-10,6152.3,331.81
2018-08-11,6231.6,317.59
2018-08-12,6313.0,318.18
2018-08-13,6255.3,284.01
2018-08-14,6190.2,278.19
2018-08-15,6256.9,281.12
2018-08-16,6306.7,286.76
2018-08-17,6581.7,316.9
2018-08-18,6379.1,293.89
2018-08-19,6481.5,299.33
2018-08-20,6268.1,271.08
2018-08-21,6482.2,280.9
2018-08-22,6359.6,269.84
2018-08-23,6521.2,276.12
2018-08-24,6680.4,281.29
2018-08-25,6734.8,277.61
2018-08-26,6712.7,274.46
2018-08-27,6897.6,286.57
2018-08-28,7074.6,295.62
2018-08-29,7029.1,288.42
2018-08-30,6993.7,283.97
2018-08-31,7033.8,281.94
2018-09-01,7189.6,295.31
2018-09-02,7293.9,295.05
2018-09-03,7264.2,288.92
2018-09-04,7377.5,285.17
2018-09-05,6706.8,228.77
2018-09-06,6514.0,229.6
2018-09-07,6390.9,215.6
2018-09-08,6184.3,196.79
2018-09-09,6238.5,195.8
2018-09-10,6321.0,197.04
2018-09-11,6293.9,185.07
2018-09-12,6338.0,182.98
2018-09-13,6482.9,211.0
2018-09-14,6483.7,209.98
2018-09-15,6519.0,221.94
2018-09-16,6500.2,220.2
2018-09-17,6251.9,196.24
2018-09-18,6342.0,209.03
2018-09-19,6390.4,209.74
2018-09-20,6489.2,224.42
2018-09-21,6766.7,247.92
2018-09-22,6729.6,240.82
2018-09-23,6704.1,244.67
2018-09-24,6584.1,228.01
2018-09-25,6445.1,219.04
2018-09-26,6468.1,214.35
2018-09-27,6689.2,229.15
2018-09-28,6636.0,221.77
2018-09-29,6603.9,231.87
2018-09-30,6635.2,232.8
2018-10-01,6608.2,231.77
2018-10-02,6549.9,225.84
2018-10-03,6507.8,220.51
2018-10-04,6584.2,222.57
2018-10-05,6639.1,228.34
2018-10-06,6596.3,225.18
2018-10-07,6611.0,226.11
2018-10-08,6669.6,229.84
2018-10-09,6650.8,228.25
2018-10-10,6618.0,226.3
2018-10-11,6239.1,190.89
2018-10-12,6291.3,196.7
2018-10-13,6321.7,201.22
2018-10-14,6326.8,197.08
2018-10-15,6699.8,214.26
2018-10-16,6705.3,215.06
2018-10-17,6686.6,213.46
2018-10-18,6574.1,206.58
2018-10-19,6512.0,204.97
2018-10-20,6572.2,208.04
2018-10-21,6583.0,207.37
2018-10-22,6555.8,206.77
2018-10-23,6528.7,205.68
2018-10-24,6530.7,205.12
2018-10-25,6507.0,204.11
2018-10-26,6510.0,204.58
2018-10-27,6494.2,204.36
2018-10-28,6486.1,204.99
2018-10-29,6335.0,197.05
2018-10-30,6325.7,197.39
2018-10-31,6365.9,198.59
2018-11-01,6400.5,198.17
2018-11-02,6424.7,202.66
2018-11-03,6386.2,200.23
2018-11-04,6478.2,211.86
2018-11-05,6459.7,210.67
2018-11-06,6502.8,220.22
2018-11-07,6565.3,218.8
2018-11-08,6474.0,212.87
2018-11-09,6412.0,211.39
2018-11-10,6427.1,213.21
2018-11-11,6446.1,213.18
2018-11-12,6435.0,212.79
2018-11-13,6429.2,210.44
2018-11-14,5842.4,187.46
2018-11-15,5718.9,184.1
2018-11-16,5636.2,177.01
2018-11-17,5621.8,176.53
2018-11-18,5658.3,178.65
2018-11-19,4883.8,150.12
2018-11-20,4524.6,132.92
2018-11-21,4638.7,137.72
2018-11-22,4356.0,126.12
2018-11-23,4398.0,124.64
2018-11-24,3920.4,114.43
2018-11-25,4062.2,118.04
2018-11-26,3837.0,110.08
2018-11-27,3866.5,111.18
2018-11-28,4265.4,122.74
2018-11-29,4296.5,117.85
2018-11-30,4039.7,113.77
2018-12-01,4196.2,118.23
2018-12-02,4160.4,116.41
2018-12-03,3897.8,108.66
2018-12-04,3958.5,110.09
2018-12-05,3771.6,102.33
2018-12-06,3508.6,90.86
2018-12-07,3422.2,93.27
2018-12-08,3430.4,90.57
2018-12-09,3567.5,93.62
2018-12-10,3460.5,90.17
2018-12-11,3407.7,88.32
2018-12-12,3466.1,89.62
2018-12-13,3315.3,86.31
2018-12-14,3247.8,83.81
2018-12-15,3228.7,83.9
2018-12-16,3247.9,84.72
2018-12-17,3526.1,94.37
2018-12-18,3668.0,100.66
2018-12-19,3687.1,99.37
2018-12-20,4076.0,114.61
2018-12-21,3850.9,108.18
2018-12-22,3964.4,115.84
2018-12-23,3944.4,129.6
2018-12-24,4026.1,139.23
2018-12-25,3762.5,128.39
2018-12-26,3793.7,130.06
2018-12-27,3586.9,114.56
2018-12-28,3861.6,136.61
2018-12-29,3706.8,133.67
2018-12-30,3815.0,138.45
2018-12-31,3709.4,131.9
2019-01-01,3809.4,139.61
2019-01-02,3873.8,152.95
2019-01-03,3780.1,146.94
2019-01-04,3802.7,152.86
2019-01-05,3785.4,153.49
2019-01-06,4004.1,154.96
2019-01-07,3985.9,149.96
2019-01-08,3971.0,148.41
2019-01-09,3978.0,148.79
2019-01-10,3603.7,125.63
2019-01-11,3616.5,125.15
2019-01-12,3597.2,123.75
2019-01-13,3490.2,114.64
2019-01-14,3638.1,127.53
2019-01-15,3571.3,119.62
2019-01-16,3588.0,121.72
2019-01-17,3626.4,122.03
2019-01-18,3605.6,119.34
2019-01-19,3677.8,123.02
2019-01-20,3542.3,117.52
2019-01-21,3536.7,116.05
2019-01-22,3580.1,118.23
2019-01-23,3561.5,116.84
2019-01-24,3574.3,116.71
2019-01-25,3572.0,115.5
2019-01-26,3570.9,115.83
2019-01-27,3555.6,112.5
2019-01-28,3442.8,105.82
2019-01-29,3414.8,104.79
2019-01-30,3460.0,108.52
2019-01-31,3437.2,106.71
2019-02-01,3467.9,106.98
2019-02-02,3502.5,110.68
2019-02-03,3459.1,107.62
2019-02-04,3462.8,107.9
2019-02-05,3468.4,107.37
2019-02-06,3404.3,104.63
2019-02-07,3397.7,104.55
2019-02-08,3661.7,119.23
2019-02-09,3661.4,119.44
2019-02-10,3679.0,124.92
2019-02-11,3631.8,121.3
2019-02-12,3632.0,122.64
2019-02-13,3611.5,122.22
2019-02-14,3592.6,120.97
2019-02-15,3604.7,121.73
2019-02-16,3616.8,122.87
2019-02-17,3664.2,133.79
2019-02-18,3896.0,145.8
2019-02-19,3914.3,144.01
2019-02-20,3972.4,149.11
2019-02-21,3936.6,145.78
2019-02-22,3965.2,147.97
2019-02-23,4120.4,158.3
2019-02-24,3755.2,132.93
2019-02-25,3833.7,138.27
2019-02-26,3810.3,136.67
2019-02-27,3814.6,135.2
2019-02-28,3816.6,135.47
2019-03-01,3821.9,135.72
2019-03-02,3823.1,132.76
2019-03-03,3809.5,131.01
2019-03-04,3715.9,125.97
2019-03-05,3857.2,136.82
2019-03-06,3863.0,137.62
2019-03-07,3875.1,136.93
2019-03-08,3865.9,133.85
2019-03-09,3944.3,137.52
2019-03-10,3915.2,135.72
2019-03-11,3870.3,132.99
2019-03-12,3886.0,133.8
2019-03-13,3865.1,131.97
2019-03-14,3879.0,132.45
2019-03-15,3924.3,136.75
2019-03-16,4006.4,141.15
2019-03-17,3981.5,138.91
2019-03-18,3990.2,137.92
2019-03-19,4017.0,138.72
2019-03-20,4041.2,139.31
2019-03-21,3982.2,135.11
2019-03-22,3990.4,136.42
2019-03-23,4002.5,137.53
2019-03-24,3994.7,136.44
2019-03-25,3937.0,134.25
2019-03-26,3942.8,134.37
2019-03-27,4041.7,139.65
2019-03-28,4025.6,138.15
2019-03-29,4102.2,143.38
2019-03-30,4111.8,142.65
2019-03-31,4102.3,141.79
2019-04-01,4145.1,141.5
2019-04-02,4859.3,163.47
2019-04-03,4968.7,160.34
2019-04-04,4902.4,157.43
2019-04-05,5010.2,164.93
2019-04-06,5046.2,165.55
2019-04-07,5173.6,174.33
2019-04-08,5245.2,179.16
2019-04-09,5158.4,175.09
2019-04-10,5307.8,177.37
2019-04-11,5022.6,164.36
2019-04-12,5054.2,163.47
2019-04-13,5051.8,163.19
2019-04-14,5134.8,167.29
2019-04-15,5032.3,160.17
2019-04-16,5180.9,165.65
2019-04-17,5208.3,165.9
2019-04-18,5264.7,173.33
2019-04-19,5241.0,172.79
2019-04-20,5290.2,172.73
2019-04-21,5243.5,168.52
2019-04-22,5346.7,170.87
2019-04-23,5511.6,169.95
2019-04-24,5415.6,165.22
2019-04-25,5209.1,155.18
2019-04-26,5298.3,157.97
2019-04-27,5265.9,159.41
2019-04-28,5302.3,158.27
2019-04-29,5235.0,154.93
2019-04-30,5320.8,161.8
2019-05-01,5384.2,160.38
2019-05-02,5493.8,161.66
2019-05-03,5766.8,167.86
2019-05-04,5830.9,163.68
2019-05-05,5774.9,163.03
2019-05-06,5745.1,173.0
2019-05-07,5849.5,169.34
2019-05-08,5990.3,170.77
2019-05-09,6191.5,170.84
2019-05-10,6386.0,172.77
2019-05-11,7190.3,192.27
2019-05-12,6984.8,188.07
2019-05-13,7806.0,196.02
2019-05-14,7994.6,217.42
2019-05-15,8164.6,248.15
2019-05-16,7871.8,264.69
2019-05-17,7359.5,244.45
2019-05-18,7262.6,233.89
2019-05-19,8157.2,259.63
2019-05-20,7965.3,250.72
2019-05-21,7930.3,253.76
2019-05-22,7635.7,244.34
2019-05-23,7852.1,244.68
2019-05-24,7970.1,249.17
2019-05-25,8027.4,250.68
2019-05-26,8630.2,264.68
2019-05-27,8760.1,270.98
2019-05-28,8716.3,271.18
2019-05-29,8647.8,268.61
2019-05-30,8271.9,254.52
2019-05-31,8558.3,267.99
2019-06-01,8545.7,264.31
2019-06-02,8728.6,269.01
2019-06-03,8124.8,250.37
2019-06-04,7685.5,241.26
2019-06-05,7779.1,245.83
2019-06-06,7784.9,248.54
2019-06-07,7985.2,248.98
2019-06-08,7901.4,243.42
2019-06-09,7635.0,231.27
2019-06-10,7987.8,246.86
2019-06-11,7888.0,244.41
2019-06-12,8133.1,261.54
2019-06-13,8219.0,254.86
2019-06-14,8656.1,262.53
2019-06-15,8812.5,267.75
2019-06-16,8962.5,267.98
2019-06-17,9318.8,273.0
2019-06-18,9080.6,264.59
2019-06-19,9255.4,268.26
2019-06-20,9517.0,271.43
2019-06-21,10179.3,294.72
2019-06-22,10721.7,310.38
2019-06-23,10897.1,308.53
2019-06-24,11046.4,311.46
2019-06-25,11809.9,317.65
2019-06-26,13063.8,338.54
2019-06-27,11287.8,297.55
2019-06-28,12409.1,310.56
2019-06-29,11906.5,318.48
2019-06-30,10818.6,292.21
2019-07-01,10616.6,294.83
2019-07-02,10835.9,291.41
2019-07-03,11900.8,300.58
2019-07-04,11163.1,283.43
2019-07-05,10970.2,287.15
2019-07-06,11268.0,288.08
2019-07-07,11415.9,304.88
2019-07-08,12252.6,312.23
2019-07-09,12541.5,307.41
2019-07-10,12110.6,289.1
2019-07-11,11342.3,268.72
2019-07-12,11762.1,274.68
2019-07-13,11364.9,269.16
2019-07-14,10200.1,226.62
2019-07-15,10845.9,228.49
2019-07-16,9424.8,198.87
2019-07-17,9723.2,210.95
2019-07-18,10651.4,225.23
2019-07-19,10571.5,220.09
2019-07-20,10826.7,227.86
2019-07-21,10714.4,225.01
2019-07-22,10412.5,217.27
2019-07-23,9888.7,211.87
2019-07-24,9804.3,215.44
2019-07-25,9945.3,217.65
2019-07-26,9831.0,217.83
2019-07-27,9492.1,206.62
2019-07-28,9727.8,210.37
2019-07-29,9580.9,209.82
2019-07-30,9580.7,208.49
2019-07-31,10082.0,217.23
2019-08-01,10380.0,216.37
2019-08-02,10520.1,216.54
2019-08-03,10815.7,220.89
2019-08-04,10934.6,220.72
2019-08-05,11816.8,232.45
2019-08-06,11480.9,225.63
2019-08-07,12013.9,224.66
2019-08-08,12191.6,220.16
2019-08-09,12089.8,209.49
2019-08-10,11314.5,205.93
2019-08-11,11517.2,215.83
2019-08-12,11394.2,210.45
2019-08-13,10892.9,207.68
2019-08-14,10049.4,186.56
2019-08-15,10303.4,187.8
2019-08-16,10335.6,184.55
2019-08-17,10218.1,184.81
2019-08-18,10312.7,193.68
2019-08-19,10910.7,201.64
2019-08-20,10752.6,196.14
2019-08-21,10141.5,187.24
2019-08-22,10105.0,190.29
2019-08-23,10388.7,193.43
2019-08-24,10131.0,190.15
2019-08-25,10136.3,186.3
2019-08-26,10371.8,188.34
2019-08-27,10184.8,186.58
2019-08-28,9729.4,172.85
2019-08-29,9491.0,168.66
2019-08-30,9585.4,168.16
2019-08-31,9594.4,171.62
2019-09-01,9729.3,169.72
2019-09-02,10348.8,178.11
2019-09-03,10612.3,178.81
2019-09-04,10568.2,174.79
2019-09-05,10566.9,173.83
2019-09-06,10309.3,169.15
2019-09-07,10461.1,177.74
2019-09-08,10402.8,181.44
2019-09-09,10309.0,180.65
2019-09-10,10105.4,180.05
2019-09-11,10162.5,178.47
2019-09-12,10415.1,180.87
2019-09-13,10342.1,181.11
2019-09-14,10337.3,188.16
2019-09-15,10311.5,189.1
2019-09-16,10255.5,197.32
2019-09-17,10195.7,207.77
2019-09-18,10164.7,210.43
2019-09-19,10250.5,220.21
2019-09-20,10172.7,218.0
2019-09-21,9993.0,215.22
2019-09-22,10031.6,211.13
2019-09-23,9702.2,201.18
2019-09-24,8513.9,166.29
2019-09-25,8432.4,168.92
2019-09-26,8063.8,164.56
2019-09-27,8184.9,173.19
2019-09-28,8208.5,173.62
2019-09-29,8049.1,169.29
2019-09-30,8284.3,180.35
2019-10-01,8302.7,175.78
2019-10-02,8364.1,180.27
2019-10-03,8226.9,174.54
2019-10-04,8148.1,175.65
2019-10-05,8127.3,176.43
2019-10-06,7881.9,170.55
2019-10-07,8198.6,179.87
2019-10-08,8182.9,180.78
2019-10-09,8566.7,192.64
2019-10-10,8562.3,191.1
2019-10-11,8267.8,180.6
2019-10-12,8304.4,179.87
2019-10-13,8281.5,181.11
2019-10-14,8353.3,186.63
2019-10-15,8167.2,180.59
2019-10-16,8000.4,174.53
2019-10-17,8073.3,177.31
2019-10-18,7948.5,172.81
2019-10-19,7957.3,171.91
2019-10-20,8223.4,175.14
2019-10-21,8208.2,174.18
2019-10-22,8031.4,171.42
2019-10-23,7477.0,162.28
2019-10-24,7422.7,160.73
2019-10-25,8658.3,181.49
2019-10-26,9230.6,179.62
2019-10-27,9529.6,184.05
2019-10-28,9207.2,181.67
2019-10-29,9411.3,190.45
2019-10-30,9157.9,183.25
2019-10-31,9152.6,182.37
2019-11-01,9230.1,183.12
2019-11-02,9300.6,183.01
2019-11-03,9198.3,181.7
2019-11-04,9396.4,185.85
2019-11-05,9310.8,188.67
2019-11-06,9338.9,191.28
2019-11-07,9223.5,186.94
2019-11-08,8778.2,184.03
2019-11-09,8804.5,184.96
2019-11-10,9036.8,188.99
2019-11-11,8736.9,185.09
2019-11-12,8812.6,186.99
2019-11-13,8783.1,188.36
2019-11-14,8661.2,185.25
2019-11-15,8476.3,180.19
2019-11-16,8497.3,182.42
2019-11-17,8509.8,184.18
2019-11-18,8208.4,178.5
2019-11-19,8145.7,176.09
2019-11-20,8099.3,174.96
2019-11-21,7627.9,161.46
2019-11-22,7272.5,149.8
2019-11-23,7324.1,152.46
2019-11-24,6924.7,140.66
2019-11-25,7115.6,145.9
2019-11-26,7162.8,147.61
2019-11-27,7510.6,152.7
2019-11-28,7426.7,151.07
2019-11-29,7742.7,154.55
2019-11-30,7546.6,151.95
2019-12-01,7396.4,151.04
2019-12-02,7298.2,148.89
2019-12-03,7291.8,147.82
2019-12-04,7204.4,145.79
2019-12-05,7399.2,148.69
2019-12-06,7530.8,148.89
2019-12-07,7510.9,148.28
2019-12-08,7524.4,151.17
2019-12-09,7355.8,147.88
2019-12-10,7235.7,145.86
2019-12-11,7208.0,143.51
2019-12-12,7208.0,145.03
2019-12-13,7255.2,144.96
2019-12-14,7080.8,142.03
2019-12-15,7128.5,142.53
2019-12-16,6903.5,132.78
2019-12-17,6613.3,122.06
2019-12-18,7276.0,132.92
2019-12-19,7165.5,128.42
2019-12-20,7196.4,128.7
2019-12-21,7156.2,127.61
2019-12-22,7495.8,132.19
2019-12-23,7322.8,128.08
2019-12-24,7268.3,128.05
2019-12-25,7224.8,125.24
2019-12-26,7210.9,125.93
2019-12-27,7261.7,126.41
2019-12-28,7321.5,128.35
2019-12-29,7397.5,134.4
2019-12-30,7261.8,131.83
2019-12-31,7196.4,129.21
2020-01-01,7199.8,130.75
2020-01-02,6967.0,127.19
2020-01-03,7343.1,134.27
2020-01-04,7376.8,134.33
2020-01-05,7372.5,135.59
2020-01-06,7759.1,144.08
2020-01-07,8155.7,143.04
2020-01-08,8059.6,140.81
2020-01-09,7842.4,137.92
2020-01-10,8187.1,144.81
2020-01-11,8024.1,142.67
2020-01-12,8187.6,146.46
2020-01-13,8111.4,143.6
2020-01-14,8829.2,166.07
2020-01-15,8818.3,166.45
2020-01-16,8726.9,164.36
2020-01-17,8913.1,170.22
2020-01-18,8916.3,174.19
2020-01-19,8706.2,166.92
2020-01-20,8641.9,166.87
2020-01-21,8732.6,169.41
2020-01-22,8678.5,168.13
2020-01-23,8405.1,162.8
2020-01-24,8439.9,162.55
2020-01-25,8341.6,160.44
2020-01-26,8607.8,167.9
2020-01-27,8866.6,170.27
2020-01-28,9377.3,175.74
2020-01-29,9298.9,173.86
2020-01-30,9507.3,184.59
2020-01-31,9349.1,179.91
2020-02-01,9381.6,183.64
2020-02-02,9334.9,188.5
2020-02-03,9296.6,189.79
2020-02-04,9193.9,188.93
2020-02-05,9611.8,203.83
2020-02-06,9772.0,213.16
2020-02-07,9818.6,223.51
2020-02-08,9895.5,223.23
2020-02-09,10151.5,228.59
2020-02-10,9854.1,222.95
2020-02-11,10229.5,236.76
2020-02-12,10317.7,265.58
2020-02-13,10235.1,268.75
2020-02-14,10333.0,285.25
2020-02-15,9907.7,264.87
2020-02-16,9932.3,259.99
2020-02-17,9701.4,267.63
2020-02-18,10158.4,282.26
2020-02-19,9609.4,259.12
2020-02-20,9602.4,257.39
2020-02-21,9684.5,265.11
2020-02-22,9655.7,261.64
2020-02-23,9942.7,274.72
2020-02-24,9662.7,265.65
2020-02-25,9317.2,246.96
2020-02-26,8800.3,224.3
2020-02-27,8818.6,227.53
2020-02-28,8697.5,226.93
2020-02-29,8543.7,217.52
2020-03-01,8540.0,217.99
2020-03-02,8904.8,231.87
2020-03-03,8761.4,223.94
2020-03-04,8757.9,224.38
2020-03-05,9060.3,228.45
2020-03-06,9134.8,244.9
2020-03-07,8887.8,237.32
2020-03-08,8034.1,199.16
2020-03-09,7933.0,202.85
2020-03-10,7891.2,200.56
2020-03-11,7935.1,194.58
2020-03-12,4826.0,107.9
2020-03-13,5584.3,133.99
2020-03-14,5182.7,122.69
2020-03-15,5366.3,124.35
2020-03-16,5030.0,111.02
2020-03-17,5261.1,116.06
2020-03-18,5361.4,117.77
2020-03-19,6172.0,135.43
2020-03-20,6205.3,133.32
2020-03-21,6186.2,132.58
2020-03-22,5822.1,122.41
2020-03-23,6468.9,136.02
2020-03-24,6744.6,138.62
2020-03-25,6678.9,136.07
2020-03-26,6725.1,138.38
2020-03-27,6373.4,131.74
2020-03-28,6233.7,131.03
2020-03-29,5890.4,125.24
2020-03-30,6391.0,132.15
2020-03-31,6412.5,132.86
2020-04-01,6638.5,135.66
2020-04-02,6800.5,141.3
2020-04-03,6735.9,141.14
2020-04-04,6857.4,144.01
2020-04-05,6772.7,142.58
2020-04-06,7332.3,171.06
2020-04-07,7185.2,164.71
2020-04-08,7361.2,173.0
2020-04-09,7289.0,169.68
2020-04-10,6863.1,157.86
2020-04-11,6867.8,158.18
2020-04-12,6917.6,158.73
2020-04-13,6841.3,156.38
2020-04-14,6850.9,158.45
2020-04-15,6629.1,152.9
2020-04-16,7085.6,172.31
2020-04-17,7035.8,170.63
2020-04-18,7230.8,187.45
2020-04-19,7122.9,180.13
2020-04-20,6833.5,170.4
2020-04-21,6842.5,170.79
2020-04-22,7112.9,182.72
2020-04-23,7488.5,185.46
2020-04-24,7503.8,187.58
2020-04-25,7540.4,194.01
2020-04-26,7678.9,197.35
2020-04-27,7766.0,196.14
2020-04-28,7746.9,196.55
2020-04-29,8770.9,215.4
2020-04-30,8629.0,206.22
2020-05-01,8821.6,212.0
2020-05-02,8966.3,213.96
2020-05-03,8885.5,209.83
2020-05-04,8874.7,206.61
2020-05-05,9001.0,205.36
2020-05-06,9151.4,199.04
2020-05-07,9979.8,212.0
2020-05-08,9806.2,211.45
2020-05-09,9554.6,210.22
2020-05-10,8738.8,187.78
2020-05-11,8579.8,185.96
2020-05-12,8813.8,189.84
2020-05-13,9298.7,199.58
2020-05-14,9778.4,203.3
2020-05-15,9318.0,194.85
2020-05-16,9379.5,200.51
2020-05-17,9677.7,207.0
2020-05-18,9730.7,214.87
2020-05-19,9773.3,214.51
2020-05-20,9512.3,209.99
2020-05-21,9059.0,198.75
2020-05-22,9169.7,207.35
2020-05-23,9177.0,206.62
2020-05-24,8728.2,199.97
2020-05-25,8898.2,204.13
2020-05-26,8842.5,201.0
2020-05-27,9199.1,208.18
2020-05-28,9572.2,220.18
2020-05-29,9424.8,220.66
2020-05-30,9692.5,243.63
2020-05-31,9454.8,231.81
2020-06-01,10189.3,247.97
2020-06-02,9527.6,237.94
2020-06-03,9667.2,244.52
2020-06-04,9794.4,243.37
2020-06-05,9631.2,240.23
2020-06-06,9669.6,242.0
2020-06-07,9742.6,244.56
2020-06-08,9777.9,246.18
2020-06-09,9768.8,243.82
2020-06-10,9878.8,247.78
2020-06-11,9283.2,230.71
2020-06-12,9466.6,237.54
2020-06-13,9471.3,238.22
2020-06-14,9345.3,232.02
2020-06-15,9425.4,230.93
2020-06-16,9523.5,235.36
2020-06-17,9464.6,233.88
2020-06-18,9388.1,231.34
2020-06-19,9314.0,229.11
2020-06-20,9358.8,228.86
2020-06-21,9296.4,228.13
2020-06-22,9683.7,243.25
2020-06-23,9624.6,243.2
2020-06-24,9302.0,234.75
2020-06-25,9247.5,232.56
2020-06-26,9160.0,229.67
2020-06-27,9008.3,221.06
2020-06-28,9124.0,225.09
2020-06-29,9185.4,227.87
2020-06-30,9135.4,225.63
2020-07-01,9229.9,230.95
2020-07-02,9085.1,226.42
2020-07-03,9067.1,225.12
2020-07-04,9134.4,229.15
2020-07-05,9081.0,227.98
2020-07-06,9339.0,241.56
2020-07-07,9256.0,239.25
2020-07-08,9429.9,246.99
2020-07-09,9235.7,242.02
2020-07-10,9285.1,241.26
2020-07-11,9233.3,239.2
2020-07-12,9300.8,242.75
2020-07-13,9243.6,239.73
2020-07-14,9253.4,240.5
2020-07-15,9198.7,238.62
2020-07-16,9135.3,233.65
2020-07-17,9155.8,232.75
2020-07-18,9170.2,235.75
2020-07-19,9208.0,239.01
2020-07-20,9162.4,236.1
2020-07-21,9387.3,245.53
2020-07-22,9513.7,263.28
2020-07-23,9599.6,275.34
2020-07-24,9546.4,279.33
2020-07-25,9704.1,305.32
2020-07-26,9932.5,311.13
2020-07-27,11022.8,321.8
2020-07-28,10908.5,316.96
2020-07-29,11105.9,317.82
2020-07-30,11096.2,334.87
2020-07-31,11333.4,346.51
2020-08-01,11803.1,387.14
2020-08-02,11066.8,372.08
2020-08-03,11224.4,385.8
2020-08-04,11184.7,389.62
2020-08-05,11735.1,400.79
2020-08-06,11757.1,394.83
2020-08-07,11592.0,379.57
2020-08-08,11764.3,396.76
2020-08-09,11681.2,390.23
2020-08-10,11889.2,395.53
2020-08-11,11390.4,379.01
2020-08-12,11557.2,387.12
2020-08-13,11770.9,424.31
2020-08-14,11750.8,438.03
2020-08-15,11845.3,432.18
2020-08-16,11899.0,433.63
2020-08-17,12282.6,430.56
2020-08-18,11947.6,422.16
2020-08-19,11750.2,407.44
2020-08-20,11856.9,416.05
2020-08-21,11529.2,387.99
2020-08-22,11661.3,395.56
2020-08-23,11641.6,390.5
2020-08-24,11753.5,407.7
2020-08-25,11324.8,383.2
2020-08-26,11462.3,385.96
2020-08-27,11327.4,383.11
2020-08-28,11527.4,395.11
2020-08-29,11468.1,398.8
2020-08-30,11702.0,428.86
2020-08-31,11644.2,433.9
2020-09-01,11914.9,475.8
2020-09-02,11413.3,439.08
2020-09-03,10168.8,381.97
2020-09-04,10472.5,385.94
2020-09-05,10092.2,334.91
2020-09-06,10296.4,353.49
2020-09-07,10376.9,352.06
2020-09-08,10126.6,337.46
2020-09-09,10224.6,351.1
2020-09-10,10339.7,367.92
2020-09-11,10390.2,373.72
2020-09-12,10441.9,387.98
2020-09-13,10326.0,365.71
2020-09-14,10675.3,376.7
2020-09-15,10785.3,364.01
2020-09-16,10949.5,364.88
2020-09-17,10941.3,388.97
2020-09-18,10933.0,384.2
2020-09-19,11081.8,385.25
2020-09-20,10921.5,371.12
2020-09-21,10416.8,341.3
2020-09-22,10531.5,344.03
2020-09-23,10237.3,319.95
2020-09-24,10739.4,349.17
2020-09-25,10688.8,351.63
2020-09-26,10727.9,354.25
2020-09-27,10776.2,357.23
2020-09-28,10693.2,354.08
2020-09-29,10840.9,359.86
2020-09-30,10776.1,359.39
2020-10-01,10620.5,353.07
2020-10-02,10572.3,345.68
2020-10-03,10544.2,345.6
2020-10-04,10672.9,352.73
2020-10-05,10789.5,353.28
2020-10-06,10602.6,340.61
2020-10-07,10670.9,341.48
2020-10-08,10924.1,350.83
2020-10-09,11054.2,365.28
2020-10-10,11298.4,370.16
2020-10-11,11371.0,374.19
2020-10-12,11533.9,386.68
2020-10-13,11423.8,381.23
2020-10-14,11420.4,379.15
2020-10-15,11503.0,377.45
2020-10-16,11322.0,365.17
2020-10-17,11362.1,368.63
2020-10-18,11506.9,377.81
2020-10-19,11753.4,379.19
2020-10-20,11913.5,368.35
2020-10-21,12808.7,391.2
2020-10-22,12974.6,414.05
2020-10-23,12934.1,408.52
2020-10-24,13117.2,411.92
2020-10-25,13032.2,406.09
2020-10-26,13061.6,394.11
2020-10-27,13657.8,403.15
2020-10-28,13278.9,388.14
2020-10-29,13457.2,386.76
2020-10-30,13559.9,382.41
2020-10-31,13797.3,386.42
2020-11-01,13759.4,396.29
2020-11-02,13561.4,383.53
2020-11-03,14019.9,387.92
2020-11-04,14145.6,402.19
2020-11-05,15587.1,416.63
2020-11-06,15577.9,455.72
2020-11-07,14828.4,435.4
2020-11-08,15483.7,454.68
2020-11-09,15327.2,444.33
2020-11-10,15303.6,450.22
2020-11-11,15695.8,463.33
2020-11-12,16294.7,462.56
2020-11-13,16324.2,476.29
2020-11-14,16071.0,460.7
2020-11-15,15953.0,448.23
2020-11-16,16715.8,460.43
2020-11-17,17662.3,481.95
2020-11-18,17774.6,478.52
2020-11-19,17803.5,471.21
2020-11-20,18675.2,509.98
2020-11-21,18687.2,551.91
2020-11-22,18412.9,559.4
2020-11-23,18379.6,609.22
2020-11-24,19152.6,605.03
2020-11-25,18723.0,569.67
2020-11-26,17162.0,519.32
2020-11-27,17127.1,518.11
2020-11-28,17730.7,537.74
2020-11-29,18185.5,575.45
2020-11-30,19698.1,615.92
2020-12-01,18770.7,585.66
2020-12-02,19218.8,598.05
2020-12-03,19433.3,616.32
2020-12-04,18658.1,567.91
2020-12-05,19146.5,596.68
2020-12-06,19379.9,601.68
2020-12-07,19170.7,591.09
2020-12-08,18326.6,555.05
2020-12-09,18546.0,573.21
2020-12-10,18247.2,558.13
2020-12-11,18023.6,544.17
2020-12-12,18808.9,567.78
2020-12-13,19176.8,591.09
2020-12-14,19273.8,586.19
2020-12-15,19434.9,588.91
2020-12-16,21352.2,637.38
2020-12-17,22825.4,643.17
2020-12-18,23127.9,653.85
2020-12-19,23844.0,658.17
2020-12-20,23474.9,638.26
2020-12-21,22728.5,607.85
2020-12-22,23823.2,637.47
2020-12-23,23257.9,585.69
2020-12-24,23736.5,612.34
2020-12-25,24689.6,626.93
2020-12-26,26454.4,636.58
2020-12-27,26261.3,683.71
2020-12-28,27057.8,730.05
2020-12-29,27376.0,731.76
2020-12-30,28868.7,751.8
2020-12-31,28949.4,735.94
2021-01-01,29359.9,729.12
2021-01-02,32193.3,774.5
2021-01-03,32958.9,974.97
2021-01-04,32022.6,1042.4
2021-01-05,33991.5,1099.52
2021-01-06,36793.2,1207.77
2021-01-07,39460.2,1224.35
2021-01-08,40599.3,1215.73
2021-01-09,40151.9,1275.58
2021-01-10,38192.2,1256.04
2021-01-11,35544.3,1091.47
2021-01-12,34076.1,1050.19
2021-01-13,37382.2,1128.46
2021-01-14,39175.7,1226.17
2021-01-15,36845.8,1171.68
2021-01-16,36019.5,1228.27
2021-01-17,35839.6,1232.64
2021-01-18,36613.2,1258.06
2021-01-19,36002.9,1372.0
2021-01-20,35476.3,1377.53
2021-01-21,30842.1,1117.33
2021-01-22,33000.5,1234.58
2021-01-23,32088.9,1233.4
2021-01-24,32241.3,1390.28
2021-01-25,32252.3,1317.9
2021-01-26,32502.1,1366.27
2021-01-27,30404.0,1247.62
2021-01-28,33374.8,1328.47
2021-01-29,34301.8,1379.3
2021-01-30,34283.1,1376.96
2021-01-31,33108.1,1312.73
2021-02-01,33515.7,1373.4
2021-02-02,35485.2,1511.36
2021-02-03,37646.8,1664.34
2021-02-04,36982.1,1594.0
2021-02-05,38297.6,1719.2
2021-02-06,39256.6,1676.63
2021-02-07,38852.9,1612.99
2021-02-08,46395.7,1750.18
2021-02-09,46508.6,1770.63
2021-02-10,44836.0,1742.09
2021-02-11,47990.7,1786.35
2021-02-12,47371.7,1841.02
2021-02-13,47168.7,1815.49
2021-02-14,48643.4,1801.78
2021-02-15,47936.3,1778.82
2021-02-16,49169.7,1781.69
2021-02-17,52079.2,1847.95
2021-02-18,51582.2,1934.16
2021-02-19,55906.6,1955.59
2021-02-20,55923.7,1913.88
2021-02-21,57433.8,1933.45
2021-02-22,54111.8,1777.28
2021-02-23,48911.2,1578.11
2021-02-24,49697.5,1623.71
2021-02-25,46928.5,1476.15
2021-02-26,46345.6,1445.44
2021-02-27,46136.7,1458.93
2021-02-28,45164.0,1418.76
2021-03-01,49595.5,1570.03
2021-03-02,48424.2,1488.62
2021-03-03,50395.1,1571.05
2021-03-04,48428.0,1538.61
2021-03-05,48792.5,1530.29
2021-03-06,48855.6,1649.19
2021-03-07,50982.3,1728.1
2021-03-08,52311.0,1831.49
2021-03-09,54879.0,1869.1
2021-03-10,55851.9,1794.14
2021-03-11,57799.5,1825.79
2021-03-12,57265.1,1766.9
2021-03-13,61195.3,1921.13
2021-03-14,59113.7,1849.06
2021-03-15,55791.3,1792.38
2021-03-16,56889.7,1804.85
2021-03-17,58913.5,1823.35
2021-03-18,57656.0,1776.08
2021-03-19,58088.0,1809.64
2021-03-20,58093.4,1804.6
2021-03-21,57383.8,1783.72
2021-03-22,54158.3,1682.37
2021-03-23,54452.5,1667.9
2021-03-24,52325.4,1582.38
2021-03-25,51322.3,1586.54
2021-03-26,55036.1,1698.6
2021-03-27,55862.9,1713.01
2021-03-28,55765.2,1686.8
2021-03-29,57616.2,1816.69
2021-03-30,58771.3,1841.01
2021-03-31,58763.7,1917.99
2021-04-01,58718.3,1967.96
2021-04-02,58977.3,2134.55
2021-04-03,57059.9,2008.59
2021-04-04,58199.9,2075.94
2021-04-05,58993.4,2106.41
2021-04-06,57996.3,2111.53
2021-04-07,55948.7,1961.46
2021-04-08,58077.4,2079.92
2021-04-09,58118.7,2066.93
2021-04-10,59748.4,2133.79
2021-04-11,59978.7,2151.42
2021-04-12,59863.8,2137.81
2021-04-13,63540.9,2299.93
2021-04-14,62980.4,2431.56
2021-04-15,63216.0,2514.22
2021-04-16,61379.7,2423.18
2021-04-17,60041.9,2318.33
2021-04-18,56207.1,2237.17
2021-04-19,55646.1,2160.63
2021-04-20,56483.2,2332.14
2021-04-21,53820.2,2360.81
2021-04-22,51729.5,2401.1
2021-04-23,51143.6,2367.31
2021-04-24,50088.9,2215.93
2021-04-25,48963.6,2316.48
2021-04-26,54020.5,2533.12
2021-04-27,55036.5,2665.24
2021-04-28,54841.4,2746.54
2021-04-29,53560.8,2757.36
2021-04-30,57720.3,2772.78
2021-05-01,57807.1,2944.66
2021-05-02,56603.8,2950.33
2021-05-03,57169.8,3429.37
2021-05-04,53741.5,3286.71
2021-05-05,57441.3,3522.76
2021-05-06,56405.4,3489.52
2021-05-07,57337.2,3481.22
2021-05-08,58840.1,3905.55
2021-05-09,58238.3,3922.23
2021-05-10,55848.9,3947.9
2021-05-11,56695.7,4167.78
2021-05-12,49384.2,3811.77
2021-05-13,49704.6,3719.62
2021-05-14,49839.8,4075.38
2021-05-15,46708.8,3641.65
2021-05-16,46426.4,3582.12
2021-05-17,43541.3,3279.68
2021-05-18,42897.3,3377.55
2021-05-19,36720.5,2435.69
2021-05-20,40717.2,2777.55
2021-05-21,37297.4,2433.11
2021-05-22,37448.3,2291.6
2021-05-23,34679.7,2101.34
2021-05-24,38750.6,2646.79
2021-05-25,38378.3,2705.09
2021-05-26,39249.2,2884.66
2021-05-27,38417.3,2735.88
2021-05-28,35662.5,2414.29
2021-05-29,34584.6,2276.07
2021-05-30,35652.8,2386.1
2021-05-31,37298.6,2708.47
2021-06-01,36687.6,2633.67
2021-06-02,37555.8,2706.1
2021-06-03,39187.3,2853.35
2021-06-04,36851.3,2686.5
2021-06-05,35520.0,2628.98
2021-06-06,35815.4,2713.66
2021-06-07,33578.0,2592.63
2021-06-08,33382.9,2510.65
2021-06-09,37332.2,2606.23
2021-06-10,36649.4,2469.97
2021-06-11,37314.6,2351.45
2021-06-12,35467.5,2368.47
2021-06-13,39022.9,2508.27
2021-06-14,40529.4,2581.48
2021-06-15,40156.1,2543.83
2021-06-16,38336.0,2367.28
2021-06-17,38052.0,2371.62
2021-06-18,35749.4,2229.53
2021-06-19,35513.4,2166.91
2021-06-20,35595.8,2243.86
2021-06-21,31692.0,1891.18
2021-06-22,32496.4,1876.66
2021-06-23,33674.3,1968.39
2021-06-24,34665.8,1989.14
2021-06-25,31594.0,1810.57
2021-06-26,32243.4,1830.62
2021-06-27,34678.5,1979.88
2021-06-28,34475.9,2083.09
2021-06-29,35834.7,2158.71
2021-06-30,35026.9,2273.84
2021-07-01,33543.6,2109.11
2021-07-02,33813.4,2154.78
2021-07-03,34742.8,2224.7
2021-07-04,35298.2,2323.22
2021-07-05,33687.8,2196.16
2021-07-06,34225.6,2322.72
2021-07-07,33867.8,2316.57
2021-07-08,32866.3,2120.22
2021-07-09,33797.4,2145.89
2021-07-10,33510.6,2111.12
2021-07-11,34227.7,2139.35
2021-07-12,33113.0,2035.09
2021-07-13,32728.1,1940.72
2021-07-14,32820.7,1994.64
2021-07-15,31840.5,1917.21
2021-07-16,31394.0,1878.2
2021-07-17,31518.6,1897.98
2021-07-18,31785.4,1892.42
2021-07-19,30837.2,1818.07
2021-07-20,29793.8,1786.07
2021-07-21,32131.4,1994.49
2021-07-22,32298.9,2024.58
2021-07-23,33603.3,2123.61
2021-07-24,33824.8,2151.85
2021-07-25,35391.1,2189.79
2021-07-26,37276.6,2229.53
2021-07-27,39452.0,2300.22
2021-07-28,40003.2,2299.11
2021-07-29,40001.4,2380.93
2021-07-30,42203.4,2460.95
2021-07-31,41553.7,2532.19
2021-08-01,39878.3,2556.23
2021-08-02,39168.4,2608.04
2021-08-03,38130.3,2506.65
2021-08-04,39736.9,2725.29
2021-08-05,40867.2,2827.21
2021-08-06,42795.4,2889.43
2021-08-07,44614.2,3158.0
2021-08-08,43792.8,3012.07
2021-08-09,46284.3,3162.93
2021-08-10,45593.8,3140.71
2021-08-11,45564.3,3163.66
2021-08-12,44403.4,3043.61
2021-08-13,47809.1,3322.43
2021-08-14,47081.5,3264.69
2021-08-15,46991.3,3308.87
2021-08-16,45996.3,3147.65
2021-08-17,44691.6,3014.58
2021-08-18,44723.8,3016.91
2021-08-19,46755.9,3184.82
2021-08-20,49324.0,3284.21
2021-08-21,48875.8,3223.96
2021-08-22,49254.5,3238.7
2021-08-23,49539.7,3319.49
2021-08-24,47714.7,3173.26
2021-08-25,48994.5,3228.15
2021-08-26,46831.6,3093.54
2021-08-27,49064.3,3273.58
2021-08-28,48897.1,3243.9
2021-08-29,48777.4,3222.16
2021-08-30,46992.7,3225.67
2021-08-31,47130.4,3430.74
2021-09-01,48819.4,3832.73
2021-09-02,49274.3,3786.19
2021-09-03,49999.0,3936.29
2021-09-04,49918.4,3884.97
2021-09-05,51768.6,3950.62
2021-09-06,52672.1,3927.21
2021-09-07,46779.6,3423.12
2021-09-08,46061.4,3495.1
2021-09-09,46385.6,3423.51
2021-09-10,44842.8,3207.27
2021-09-11,45161.9,3267.33
2021-09-12,46062.3,3408.28
2021-09-13,44949.5,3284.52
2021-09-14,47077.5,3428.87
2021-09-15,48130.6,3611.9
2021-09-16,47748.0,3569.43
2021-09-17,47282.8,3398.65
2021-09-18,48306.7,3435.97
2021-09-19,47238.7,3329.12
2021-09-20,42870.6,2976.05
2021-09-21,40651.3,2761.52
2021-09-22,43551.6,3077.78
2021-09-23,44869.2,3152.92
2021-09-24,42819.9,2928.57
2021-09-25,42686.8,2922.55
2021-09-26,43203.4,3063.51
2021-09-27,42172.6,2926.24
2021-09-28,41022.3,2807.28
2021-09-29,41536.8,2851.5
2021-09-30,43823.3,3000.59
2021-10-01,48146.0,3309.13
2021-10-02,47666.9,3388.97
2021-10-03,48200.1,3417.34
2021-10-04,49227.3,3382.9
2021-10-05,51469.3,3517.26
2021-10-06,55323.2,3575.41
2021-10-07,53783.9,3586.0
2021-10-08,53914.7,3559.42
2021-10-09,54942.5,3574.2
2021-10-10,54687.7,3415.03
2021-10-11,57477.3,3545.06
2021-10-12,56015.9,3489.9
2021-10-13,57380.1,3607.28
2021-10-14,57345.8,3790.41
2021-10-15,61672.5,3866.9
2021-10-16,60861.1,3827.55
2021-10-17,61527.5,3845.47
2021-10-18,62056.3,3747.6
2021-10-19,64278.5,3876.78
2021-10-20,65979.1,4159.89
2021-10-21,62210.2,4054.16
2021-10-22,60690.3,3970.94
2021-10-23,61312.5,4168.85
2021-10-24,60866.5,4082.8
2021-10-25,63067.0,4219.92
2021-10-26,60310.8,4129.51
2021-10-27,58438.1,3921.93
2021-10-28,60582.5,4284.9
2021-10-29,62242.8,4413.7
2021-10-30,61840.1,4320.65
2021-10-31,61309.6,4287.56
2021-11-01,60915.3,4320.85
2021-11-02,63221.7,4586.06
2021-11-03,62918.5,4602.21
2021-11-04,61412.6,4535.11
2021-11-05,60974.3,4475.0
2021-11-06,61483.9,4517.36
2021-11-07,63273.2,4612.06
2021-11-08,67527.9,4808.38
2021-11-09,66904.4,4731.83
2021-11-10,64932.6,4634.03
2021-11-11,64806.7,4720.87
2021-11-12,64134.5,4667.31
2021-11-13,64398.6,4644.61
2021-11-14,65508.2,4625.59
2021-11-15,63597.9,4562.98
2021-11-16,60089.1,4208.16
2021-11-17,60367.8,4290.88
2021-11-18,56955.3,4001.87
2021-11-19,58083.4,4295.43
2021-11-20,59717.6,4408.85
2021-11-21,58714.3,4268.08
2021-11-22,56308.8,4086.95
2021-11-23,57573.2,4340.23
2021-11-24,57171.7,4273.54
2021-11-25,58935.1,4520.3
2021-11-26,53730.9,4034.53
2021-11-27,54765.9,4094.8
2021-11-28,57291.5,4296.98
2021-11-29,57794.8,4443.22
2021-11-30,56882.9,4628.9
2021-12-01,57210.3,4583.28
2021-12-02,56496.0,4512.9
2021-12-03,53631.5,4219.3
2021-12-04,49195.2,4123.46
2021-12-05,49405.5,4194.8
2021-12-06,50562.1,4353.31
2021-12-07,50595.2,4307.08
2021-12-08,50473.9,4435.74
2021-12-09,47596.6,4107.69
2021-12-10,47137.2,3903.48
2021-12-11,49314.5,4075.66
2021-12-12,50081.0,4131.78
2021-12-13,46703.6,3781.94
2021-12-14,48366.5,3861.55
2021-12-15,48871.5,4019.24
2021-12-16,47628.2,3956.62
2021-12-17,46172.2,3878.29
2021-12-18,46856.2,3959.83
2021-12-19,46704.5,3925.34
2021-12-20,46895.2,3938.8
2021-12-21,48902.0,4016.59
2021-12-22,48599.7,3979.54
2021-12-23,50801.0,4110.14
2021-12-24,50786.1,4043.39
2021-12-25,50406.4,4093.14
2021-12-26,50779.9,4061.27
2021-12-27,50678.2,4036.24
2021-12-28,47545.2,3791.69
2021-12-29,46461.7,3627.93
2021-12-30,47123.3,3709.57
2021-12-31,46219.5,3677.85
2022-01-01,47738.0,3765.67
2022-01-02,47311.8,3830.67
2022-01-03,46430.2,3764.24
2022-01-04,45837.3,3789.52
2022-01-05,43425.9,3535.86
2022-01-06,43097.5,3407.77
2022-01-07,41546.7,3195.31
2022-01-08,41672.0,3080.02
2022-01-09,41848.3,3150.3
2022-01-10,41832.2,3085.43
2022-01-11,42733.2,3237.89
2022-01-12,43901.0,3370.89
2022-01-13,42560.0,3238.03
2022-01-14,43073.3,3307.9
2022-01-15,43097.0,3327.74
2022-01-16,43079.1,3346.59
2022-01-17,42209.3,3209.35
2022-01-18,42364.6,3160.15
2022-01-19,41677.8,3083.65
2022-01-20,40715.9,3004.72
2022-01-21,36475.5,2571.29
2022-01-22,35075.2,2412.52
2022-01-23,36269.5,2540.81
2022-01-24,36686.3,2441.01
2022-01-25,36950.6,2458.07
2022-01-26,36800.4,2461.41
2022-01-27,37164.3,2424.66
2022-01-28,37745.1,2545.95
2022-01-29,38170.8,2600.02
2022-01-30,37917.7,2602.77
2022-01-31,38498.6,2686.82
2022-02-01,38709.7,2787.16
2022-02-02,36890.2,2681.0
2022-02-03,37287.8,2692.8
2022-02-04,41567.6,2994.99
2022-02-05,41412.1,3013.81
2022-02-06,42392.2,3056.2
2022-02-07,43833.9,3140.18
2022-02-08,44038.2,3115.88
2022-02-09,44388.9,3243.62
2022-02-10,43521.0,3071.83
2022-02-11,42388.4,2927.63
2022-02-12,42205.2,2917.1
2022-02-13,42061.1,2870.25
2022-02-14,42550.3,2929.31
2022-02-15,44544.4,3182.27
2022-02-16,43883.6,3118.9
2022-02-17,40552.8,2894.03
2022-02-18,40000.1,2779.56
2022-02-19,40090.3,2763.81
2022-02-20,38355.0,2619.32
2022-02-21,37017.7,2569.87
2022-02-22,38248.2,2636.13
2022-02-23,37224.6,2578.15
2022-02-24,38339.2,2596.52
2022-02-25,39209.6,2767.53
2022-02-26,39115.5,2776.96
2022-02-27,37689.1,2616.34
2022-02-28,43188.2,2922.5
2022-03-01,44420.3,2975.81
2022-03-02,43912.8,2947.14
2022-03-03,42463.0,2834.91
2022-03-04,39142.7,2622.15
2022-03-05,39395.8,2665.42
2022-03-06,38403.1,2549.4
2022-03-07,38024.8,2492.53
2022-03-08,38744.8,2577.21
2022-03-09,41929.0,2726.94
2022-03-10,39416.3,2606.5
2022-03-11,38730.2,2556.96
2022-03-12,38814.3,2569.8
2022-03-13,37792.4,2516.75
2022-03-14,39671.1,2589.3
2022-03-15,39285.7,2617.43
2022-03-16,41118.7,2773.94
2022-03-17,40914.8,2812.29
2022-03-18,41767.8,2939.76
2022-03-19,42233.0,2949.92
2022-03-20,41276.0,2861.69
2022-03-21,41022.0,2891.63
2022-03-22,42373.0,2969.64
2022-03-23,42912.0,3036.12
2022-03-24,44013.0,3109.25
2022-03-25,44331.0,3103.51
2022-03-26,44548.0,3146.01
2022-03-27,46859.0,3297.04
2022-03-28,47105.0,3329.38
2022-03-29,47449.0,3401.89
2022-03-30,47075.0,3385.64
2022-03-31,45525.0,3282.35
2022-04-01,46297.0,3456.18
2022-04-02,45811.0,3442.34
2022-04-03,46407.0,3521.1
2022-04-04,46629.0,3520.41
2022-04-05,45506.0,3406.78
2022-04-06,43173.0,3169.58
2022-04-07,43448.0,3228.84
2022-04-08,42275.0,3193.93
2022-04-09,42767.0,3259.35
2022-04-10,42138.0,3201.84
2022-04-11,39497.0,2978.29
2022-04-12,40078.0,3027.25
2022-04-13,41133.0,3116.92
2022-04-14,39936.0,3021.93
2022-04-15,40560.0,3042.01
2022-04-16,40382.0,3058.96
2022-04-17,39703.0,2989.05
2022-04-18,40803.0,3055.64
2022-04-19,41503.0,3102.01
2022-04-20,41368.0,3076.38
2022-04-21,40482.0,2983.95
2022-04-22,39709.0,2963.0
2022-04-23,39418.0,2931.9
2022-04-24,39464.0,2922.03
2022-04-25,40427.0,3006.04
2022-04-26,38113.0,2810.42
2022-04-27,39243.0,2888.99
2022-04-28,39748.0,2937.01
2022-04-29,38581.0,2816.66
2022-04-30,37650.0,2727.18
2022-05-01,38461.0,2825.8
2022-05-02,38514.0,2856.01
2022-05-03,37718.0,2781.47
2022-05-04,39688.0,2940.7
2022-05-05,36544.0,2747.46
2022-05-06,36009.0,2692.88
2022-05-07,35468.0,2636.03
2022-05-08,34060.0,2519.98
2022-05-09,30095.0,2229.1
2022-05-10,31007.5,2342.3
2022-05-11,29068.2,2080.79
2022-05-12,28976.0,1955.36
2022-05-13,29284.4,2009.53
2022-05-14,30080.4,2056.3
2022-05-15,31308.7,2145.86
2022-05-16,29849.0,2022.93
2022-05-17,30437.5,2091.14
2022-05-18,28683.7,1912.12
2022-05-19,30305.9,2019.34
2022-05-20,29178.6,1959.85
2022-05-21,29434.6,1975.12
2022-05-22,30286.6,2043.19
2022-05-23,29093.3,1972.93
2022-05-24,29648.7,1979.35
2022-05-25,29540.6,1942.91
2022-05-26,29203.5,1793.42
2022-05-27,28601.2,1724.3
2022-05-28,29027.1,1792.68
2022-05-29,29465.2,1813.56
2022-05-30,31723.3,1998.46
2022-05-31,31793.4,1941.79
2022-06-01,29798.5,1818.07
2022-06-02,30455.5,1834.64
2022-06-03,29700.9,1775.29
2022-06-04,29864.3,1804.37
2022-06-05,29913.0,1806.71
2022-06-06,31367.6,1859.99
2022-06-07,31128.8,1813.72
2022-06-08,30201.6,1793.0
2022-06-09,30097.8,1788.06
2022-06-10,29083.3,1663.02
2022-06-11,28403.4,1531.42
2022-06-12,26606.3,1435.46
2022-06-13,22448.0,1206.67
2022-06-14,22157.3,1210.84
2022-06-15,22577.9,1237.92
2022-06-16,20386.6,1068.49
2022-06-17,20444.6,1086.47
2022-06-18,18986.5,995.61
2022-06-19,20577.2,1128.39
2022-06-20,20572.3,1128.32
2022-06-21,20720.4,1125.96
2022-06-22,19965.8,1049.02
2022-06-23,21100.7,1144.19
2022-06-24,21226.9,1225.03
2022-06-25,21489.9,1241.76
2022-06-26,21043.5,1198.03
2022-06-27,20730.2,1190.84
2022-06-28,20278.0,1143.97
2022-06-29,20111.3,1099.51
2022-06-30,19926.6,1069.05
2022-07-01,19262.9,1058.94
2022-07-02,19243.2,1066.6
2022-07-03,19309.9,1074.08
2022-07-04,20215.8,1151.19
2022-07-05,20200.6,1133.9
2022-07-06,20561.1,1186.45
2022-07-07,21637.8,1238.15
2022-07-08,21611.2,1216.33
2022-07-09,21587.5,1216.94
2022-07-10,20847.4,1167.35
2022-07-11,19963.2,1096.43
2022-07-12,19330.9,1038.56
2022-07-13,20250.0,1115.83
2022-07-14,20586.0,1192.75
2022-07-15,20825.1,1231.03
2022-07-16,21209.9,1356.08
2022-07-17,20785.6,1337.85
2022-07-18,22525.8,1584.77
2022-07-19,23410.2,1543.5
2022-07-20,23215.2,1520.64
2022-07-21,23153.0,1575.68
2022-07-22,22675.2,1534.85
2022-07-23,22460.4,1549.61
2022-07-24,22582.1,1598.19
2022-07-25,21301.9,1438.52
2022-07-26,21248.7,1450.7
2022-07-27,22958.3,1636.01
2022-07-28,23850.0,1726.01
2022-07-29,23774.3,1720.77
2022-07-30,23634.2,1695.97
2022-07-31,23303.4,1680.0
2022-08-01,23271.2,1630.1
2022-08-02,22988.6,1631.48
2022-08-03,22820.8,1618.08
2022-08-04,22612.1,1606.94
2022-08-05,23308.2,1737.71
2022-08-06,22944.2,1690.27
2022-08-07,23175.3,1700.29
2022-08-08,23816.3,1778.42
2022-08-09,23146.7,1702.8
2022-08-10,23962.9,1853.46
2022-08-11,23935.3,1880.28
2022-08-12,24398.7,1957.63
2022-08-13,24442.5,1983.5
2022-08-14,24302.8,1935.1
2022-08-15,24101.7,1900.25
2022-08-16,23856.8,1876.7
2022-08-17,23338.0,1834.18
2022-08-18,23203.6,1846.51
2022-08-19,20831.3,1609.48
2022-08-20,21138.9,1575.6
2022-08-21,21517.2,1618.25
2022-08-22,21416.3,1626.75
2022-08-23,21517.2,1664.89
2022-08-24,21365.2,1656.64
2022-08-25,21565.4,1695.37
2022-08-26,20249.9,1508.08
2022-08-27,20033.9,1490.83
2022-08-28,19550.2,1426.25
2022-08-29,20295.8,1552.6
2022-08-30,19792.6,1523.34
2022-08-31,20043.9,1555.12
2022-09-01,20126.1,1585.48
2022-09-02,19952.7,1575.34
2022-09-03,19831.4,1557.55
2022-09-04,19999.9,1578.89
2022-09-05,19793.1,1617.07
2022-09-06,18786.4,1557.85
2022-09-07,19281.5,1629.51
2022-09-08,19317.4,1634.85
2022-09-09,21365.2,1718.81
2022-09-10,21650.4,1774.38
2022-09-11,21834.9,1766.93
2022-09-12,22395.3,1716.42
2022-09-13,20175.5,1574.47
2022-09-14,20222.5,1637.92
2022-09-15,19701.7,1472.64
2022-09-16,19802.4,1434.01
2022-09-17,20113.5,1468.79
2022-09-18,19418.8,1335.01
2022-09-19,19538.9,1376.0
2022-09-20,18872.4,1323.33
2022-09-21,18489.0,1247.74
2022-09-22,19404.0,1326.44
2022-09-23,19293.5,1327.96
2022-09-24,18925.2,1317.0
2022-09-25,18803.2,1294.26
2022-09-26,19225.7,1337.06
2022-09-27,19081.0,1328.23
2022-09-28,19411.0,1337.37
2022-09-29,19593.0,1336.08
2022-09-30,19423.0,1328.73
2022-10-01,19311.9,1311.8
2022-10-02,19052.2,1275.74
2022-10-03,19628.3,1323.41
2022-10-04,20340.2,1361.48
2022-10-05,20157.5,1352.07
2022-10-06,19956.7,1352.27
2022-10-07,19531.3,1330.99
2022-10-08,19415.0,1315.05
2022-10-09,19441.0,1323.41
2022-10-10,19134.6,1290.04
2022-10-11,19059.1,1279.97
2022-10-12,19154.8,1294.57
2022-10-13,19379.8,1287.34
2022-10-14,19181.8,1296.74
2022-10-15,19068.7,1274.57
2022-10-16,19261.9,1305.95
2022-10-17,19548.2,1331.12
2022-10-18,19328.2,1310.81
2022-10-19,19123.9,1285.32
2022-10-20,19042.9,1282.87
2022-10-21,19162.6,1299.76
2022-10-22,19204.8,1313.64
2022-10-23,19571.2,1363.92
2022-10-24,19331.5,1343.88
2022-10-25,20082.7,1459.6
2022-10-26,20769.5,1566.16
2022-10-27,20292.9,1514.19
2022-10-28,20594.4,1554.47
2022-10-29,20809.8,1619.69
2022-10-30,20626.3,1590.47
2022-10-31,20496.3,1572.89
2022-11-01,20483.5,1579.64
2022-11-02,20154.4,1519.04
2022-11-03,20206.4,1531.08
2022-11-04,21145.9,1645.01
2022-11-05,21301.6,1627.07
2022-11-06,20916.3,1570.86
2022-11-07,20589.0,1567.57
2022-11-08,18527.4,1335.25
2022-11-09,15886.9,1100.84
2022-11-10,17589.1,1299.15
2022-11-11,17049.9,1288.63
2022-11-12,16795.2,1256.29
2022-11-13,16324.5,1221.47
2022-11-14,16613.7,1242.64
2022-11-15,16895.1,1253.45
2022-11-16,16540.5,1206.16
2022-11-17,16691.2,1205.17
2022-11-18,16638.3,1207.31
2022-11-19,16699.2,1217.65
2022-11-20,16286.7,1142.88
2022-11-21,15776.2,1107.46
2022-11-22,16212.9,1139.74
2022-11-23,16623.9,1185.79
2022-11-24,16601.2,1203.77
2022-11-25,16512.3,1198.12
2022-11-26,16456.5,1205.15
2022-11-27,16425.6,1193.38
2022-11-28,16211.7,1167.73
2022-11-29,16440.4,1216.55
2022-11-30,17163.9,1294.41
2022-12-01,16972.0,1276.05
2022-12-02,17093.6,1295.69
2022-12-03,16884.5,1240.46
2022-12-04,17112.6,1279.74
2022-12-05,16966.5,1259.56
2022-12-06,17089.3,1271.26
2022-12-07,16835.2,1231.04
2022-12-08,17225.7,1280.29
2022-12-09,17125.7,1262.86
2022-12-10,17127.2,1266.62
2022-12-11,17093.3,1263.42
2022-12-12,17210.4,1275.02
2022-12-13,17778.6,1320.76
2022-12-14,17796.4,1307.3
2022-12-15,17356.1,1266.32
2022-12-16,16629.6,1166.7
2022-12-17,16777.1,1187.18
2022-12-18,16741.1,1182.7
2022-12-19,16441.3,1167.8
2022-12-20,16902.8,1217.2
2022-12-21,16831.8,1213.85
2022-12-22,16820.6,1217.57
2022-12-23,16779.1,1220.03
2022-12-24,16837.2,1220.46
2022-12-25,16831.8,1218.69
2022-12-26,16918.1,1227.65
2022-12-27,16706.1,1211.6
2022-12-28,16546.2,1189.98
2022-12-29,16636.4,1200.84
2022-12-30,16607.2,1199.8
2022-12-31,16537.4,1195.67
2023-01-01,16618.4,1200.52
2023-01-02,16674.3,1213.93
2023-01-03,16674.2,1214.57
2023-01-04,16852.1,1256.92
2023-01-05,16829.8,1250.95
2023-01-06,16950.9,1269.14
2023-01-07,16943.6,1263.9
2023-01-08,17119.0,1288.38
2023-01-09,17180.1,1320.51
2023-01-10,17439.1,1335.13
2023-01-11,17942.3,1389.84
2023-01-12,18851.3,1416.08
2023-01-13,19927.0,1450.86
2023-01-14,20958.2,1550.02
2023-01-15,20879.8,1552.69
2023-01-16,21184.2,1576.94
2023-01-17,21137.1,1564.67
2023-01-18,20670.6,1511.31
2023-01-19,21081.2,1551.62
2023-01-20,22677.2,1659.98
2023-01-21,22775.7,1625.53
2023-01-22,22707.8,1627.03
2023-01-23,22915.5,1626.53
2023-01-24,22632.5,1556.15
2023-01-25,23055.1,1611.2
2023-01-26,23016.0,1602.55
2023-01-27,23074.6,1597.6
2023-01-28,23027.9,1573.07
2023-01-29,23753.1,1645.97
2023-01-30,22832.2,1566.5
2023-01-31,23125.1,1585.27
2023-02-01,23725.6,1642.1
2023-02-02,23427.6,1641.71
2023-02-03,23431.2,1663.79
2023-02-04,23323.8,1666.9
2023-02-05,22936.0,1629.44
2023-02-06,22761.8,1613.72
2023-02-07,23251.7,1671.4
2023-02-08,22964.6,1650.99
2023-02-09,21792.5,1545.35
2023-02-10,21635.0,1513.82
2023-02-11,21859.8,1538.34
2023-02-12,21786.8,1515.44
2023-02-13,21772.6,1505.84
2023-02-14,22198.5,1555.46
2023-02-15,24327.9,1675.43
2023-02-16,23539.6,1640.66
2023-02-17,24573.5,1693.96
2023-02-18,24631.4,1691.62
2023-02-19,24302.9,1681.52
2023-02-20,24839.5,1703.27
2023-02-21,24450.7,1659.41
2023-02-22,24186.6,1643.39
2023-02-23,23936.3,1650.52
2023-02-24,23191.5,1608.24
2023-02-25,23166.1,1594.66
2023-02-26,23558.7,1641.6
2023-02-27,23494.1,1633.66
2023-02-28,23130.5,1604.69
2023-03-01,23642.2,1666.09
2023-03-02,23465.4,1647.38
2023-03-03,22354.4,1568.89
2023-03-04,22347.1,1566.73
2023-03-05,22428.3,1564.37
2023-03-06,22410.0,1565.84
2023-03-07,22197.8,1561.78
2023-03-08,21710.8,1533.04
2023-03-09,20361.8,1438.5
2023-03-10,20156.7,1426.75
2023-03-11,20467.5,1471.15
2023-03-12,21994.8,1580.24
2023-03-13,24114.4,1673.93
2023-03-14,24699.7,1700.15
2023-03-15,24282.7,1649.65
2023-03-16,25004.1,1673.85
2023-03-17,27391.8,1789.38
2023-03-18,26914.5,1758.7
2023-03-19,27958.7,1779.47
2023-03-20,27720.5,1732.31
2023-03-21,28114.0,1803.54
2023-03-22,27261.7,1734.48
2023-03-23,28310.7,1814.08
2023-03-24,27462.2,1749.26
2023-03-25,27475.6,1742.34
2023-03-26,27973.5,1774.06
2023-03-27,27129.8,1714.65
2023-03-28,27262.2,1772.63
2023-03-29,28350.4,1793.27
2023-03-30,28029.5,1793.59
2023-03-31,28473.7,1821.62
2023-04-01,28456.1,1820.78
2023-04-02,28198.3,1795.01
2023-04-03,27802.1,1810.77
2023-04-04,28164.4,1870.52
2023-04-05,28173.5,1908.96
2023-04-06,28036.7,1872.35
2023-04-07,27910.4,1863.46
2023-04-08,27941.2,1848.93
2023-04-09,28326.6,1858.9
2023-04-10,29641.0,1910.36
2023-04-11,30209.6,1889.86
2023-04-12,29886.4,1916.58
2023-04-13,30387.4,2012.11
2023-04-14,30472.5,2099.98
2023-04-15,30299.6,2090.59
2023-04-16,30310.3,2119.29
2023-04-17,29434.9,2074.74
2023-04-18,30382.2,2103.34
2023-04-19,28813.7,1935.97
2023-04-20,28240.5,1942.72
2023-04-21,27264.8,1849.81
2023-04-22,27813.9,1873.95
2023-04-23,27591.4,1862.05
2023-04-24,27509.3,1841.88
2023-04-25,28298.8,1865.95
2023-04-26,28424.6,1866.05
2023-04-27,29475.9,1908.81
2023-04-28,29321.8,1891.14
2023-04-29,29234.1,1907.8
2023-04-30,29252.1,1868.88
2023-05-01,28077.6,1830.75
2023-05-02,28669.1,1869.74
2023-05-03,29023.6,1904.74
2023-05-04,28842.1,1877.06
2023-05-05,29513.2,1993.33
2023-05-06,28857.1,1896.48
2023-05-07,28424.8,1870.99
2023-05-08,27670.5,1847.48
2023-05-09,27634.9,1846.56
2023-05-10,27603.3,1840.92
2023-05-11,26983.5,1794.71
2023-05-12,26799.2,1807.31
2023-05-13,26777.5,1794.95
2023-05-14,26920.0,1799.36
2023-05-15,27183.9,1817.11
2023-05-16,27035.3,1823.98
2023-05-17,27403.1,1821.73
2023-05-18,26828.0,1800.99
2023-05-19,26882.9,1812.32
2023-05-20,27116.2,1819.68
2023-05-21,26749.9,1804.89
2023-05-22,26847.3,1817.19
2023-05-23,27220.7,1854.08
2023-05-24,26328.4,1799.91
2023-05-25,26475.8,1805.69
2023-05-26,26711.5,1827.8
2023-05-27,26857.5,1829.91
2023-05-28,28071.2,1908.35
2023-05-29,27739.4,1892.61
2023-05-30,27698.2,1900.59
2023-05-31,27216.1,1873.63
2023-06-01,26819.0,1861.77
2023-06-02,27244.7,1907.1
2023-06-03,27072.0,1892.05
2023-06-04,27122.3,1890.04
2023-06-05,25747.4,1811.2
2023-06-06,27230.2,1884.17
2023-06-07,26342.5,1832.1
2023-06-08,26501.1,1845.68
2023-06-09,26479.3,1840.41
2023-06-10,25844.0,1751.56
2023-06-11,25928.4,1752.8
2023-06-12,25906.8,1742.6
2023-06-13,25929.4,1739.6
2023-06-14,25129.5,1650.96
2023-06-15,25591.3,1666.96
2023-06-16,26341.3,1717.92
2023-06-17,26515.0,1727.79
2023-06-18,26339.7,1720.98
2023-06-19,26845.9,1737.06
2023-06-20,28307.7,1791.61
2023-06-21,29996.9,1889.87
2023-06-22,29890.5,1872.32
2023-06-23,30679.4,1891.97
2023-06-24,30533.6,1875.0
2023-06-25,30465.3,1898.8
2023-06-26,30267.0,1859.0
2023-06-27,30689.1,1889.51
2023-06-28,30078.6,1827.95
2023-06-29,30445.7,1851.92
2023-06-30,30472.9,1933.8
2023-07-01,30586.8,1924.53
2023-07-02,30617.7,1937.57
2023-07-03,31151.3,1955.56
2023-07-04,30768.4,1936.19
2023-07-05,30512.8,1910.43
2023-07-06,29913.1,1848.36
2023-07-07,30346.4,1870.92
2023-07-08,30288.8,1865.28
2023-07-09,30166.9,1862.91
2023-07-10,30415.3,1880.42
2023-07-11,30623.3,1878.33
2023-07-12,30387.3,1871.86
2023-07-13,31466.1,2004.77
2023-07-14,30317.4,1938.05
2023-07-15,30291.4,1931.42
2023-07-16,30235.5,1922.45
2023-07-17,30139.7,1911.24
2023-07-18,29866.8,1897.58
2023-07-19,29909.7,1888.65
2023-07-20,29801.0,1891.23
2023-07-21,29903.1,1891.75
2023-07-22,29788.9,1866.25
2023-07-23,30085.9,1888.85
2023-07-24,29178.1,1850.04
2023-07-25,29228.6,1857.67
2023-07-26,29352.2,1872.0
2023-07-27,29222.7,1861.32
2023-07-28,29315.0,1874.23
2023-07-29,29353.5,1880.55
2023-07-30,29281.7,1861.81
2023-07-31,29232.4,1856.17
2023-08-01,29712.2,1874.21
2023-08-02,29173.7,1840.21
2023-08-03,29189.3,1835.98
2023-08-04,29105.5,1830.24
2023-08-05,29068.1,1836.48
2023-08-06,29081.3,1830.28
2023-08-07,29204.2,1829.11
2023-08-08,29777.4,1856.24
2023-08-09,29578.0,1855.36
2023-08-10,29449.0,1852.46
2023-08-11,29420.8,1848.88
2023-08-12,29428.2,1849.94
2023-08-13,29300.1,1840.73
2023-08-14,29426.7,1845.51
2023-08-15,29195.3,1828.98
2023-08-16,28726.3,1807.81
2023-08-17,26635.7,1683.89
2023-08-18,26053.2,1661.26
2023-08-19,26099.4,1669.67
2023-08-20,26190.8,1685.24
2023-08-21,26126.0,1667.6
2023-08-22,26039.9,1634.29
2023-08-23,26436.2,1679.93
2023-08-24,26177.0,1660.89
2023-08-25,26057.2,1653.74
2023-08-26,26017.1,1647.05
2023-08-27,26100.6,1658.33
2023-08-28,26118.9,1653.22
2023-08-29,27723.9,1729.69
2023-08-30,27298.8,1705.22
2023-08-31,25937.3,1645.82
2023-09-01,25803.2,1629.0
2023-09-02,25869.7,1637.05
2023-09-03,25971.0,1635.85
2023-09-04,25823.3,1630.51
2023-09-05,25790.2,1634.46
2023-09-06,25758.0,1633.18
2023-09-07,26249.8,1648.09
2023-09-08,25909.5,1636.45
2023-09-09,25901.1,1635.56
2023-09-10,25840.2,1617.44
2023-09-11,25166.4,1551.89
2023-09-12,25834.5,1592.5
2023-09-13,26223.0,1607.63
2023-09-14,26524.7,1626.49
2023-09-15,26601.0,1641.31
2023-09-16,26562.0,1634.41
2023-09-17,26529.1,1622.65
2023-09-18,26763.5,1636.92
2023-09-19,27209.2,1643.08
2023-09-20,27125.0,1622.28
2023-09-21,26570.0,1584.03
2023-09-22,26581.9,1593.1
2023-09-23,26579.2,1593.89
2023-09-24,26251.5,1580.55
2023-09-25,26302.7,1588.62
2023-09-26,26218.9,1594.04
2023-09-27,26366.1,1598.49
2023-09-28,27022.6,1652.89
2023-09-29,26909.8,1667.72
2023-09-30,26962.7,1670.92
2023-10-01,27974.5,1732.89
2023-10-02,27505.3,1662.79
2023-10-03,27428.4,1656.88
2023-10-04,27790.9,1647.05
2023-10-05,27410.3,1611.58
2023-10-06,27936.9,1645.62
2023-10-07,27961.1,1633.58
2023-10-08,27922.7,1632.85
2023-10-09,27581.4,1579.74
2023-10-10,27391.0,1567.6
2023-10-11,26876.6,1566.88
2023-10-12,26761.1,1539.7
2023-10-13,26863.5,1552.17
2023-10-14,26852.8,1554.96
2023-10-15,27161.2,1557.66
2023-10-16,28509.7,1599.48
2023-10-17,28403.6,1564.99
2023-10-18,28321.7,1563.43
2023-10-19,28723.0,1566.79
2023-10-20,29674.5,1603.89
2023-10-21,29912.9,1628.94
2023-10-22,29984.2,1663.35
2023-10-23,33041.8,1763.75
2023-10-24,33917.0,1784.88
2023-10-25,34496.8,1787.0
2023-10-26,34153.7,1803.13
2023-10-27,33901.8,1779.54
2023-10-28,34082.6,1776.21
2023-10-29,34526.7,1794.96
2023-10-30,34477.9,1809.05
2023-10-31,34650.6,1815.13
2023-11-01,35423.8,1846.6
2023-11-02,34931.4,1800.27
2023-11-03,34718.7,1832.29
2023-11-04,35065.8,1855.72
2023-11-05,35019.4,1892.36
2023-11-06,35042.0,1900.98
2023-11-07,35426.1,1885.97
2023-11-08,35636.9,1889.29
2023-11-09,36700.5,2120.16
2023-11-10,37303.0,2077.78
2023-11-11,37150.5,2053.42
2023-11-12,37064.4,2044.61
2023-11-13,36478.3,2054.18
2023-11-14,35549.3,1979.1
2023-11-15,37874.9,2058.93
2023-11-16,36161.2,1961.76
2023-11-17,36595.4,1960.8
2023-11-18,36568.6,1961.72
2023-11-19,37354.2,2011.01
2023-11-20,37454.1,2021.49
2023-11-21,35813.6,1934.62
2023-11-22,37410.8,2063.05
2023-11-23,37293.1,2061.92
2023-11-24,37717.3,2080.62
2023-11-25,37787.0,2083.09
2023-11-26,37451.8,2062.64
2023-11-27,37248.6,2027.51
2023-11-28,37823.3,2048.47
2023-11-29,37855.5,2028.99
2023-11-30,37712.9,2051.56
2023-12-01,38688.2,2087.21
2023-12-02,39458.4,2164.79
2023-12-03,39970.2,2192.79
2023-12-04,41987.8,2243.54
2023-12-05,44076.2,2293.34
2023-12-06,43776.3,2233.45
2023-12-07,43289.7,2355.8
2023-12-08,44175.5,2358.42
2023-12-09,43718.4,2340.55
2023-12-10,43791.0,2352.26
2023-12-11,41256.1,2225.34
2023-12-12,41487.0,2203.49
2023-12-13,42884.5,2260.18
2023-12-14,43025.9,2315.64
2023-12-15,41929.0,2220.41
2023-12-16,42271.7,2229.07
2023-12-17,41368.7,2197.04
2023-12-18,42659.7,2218.8
2023-12-19,42259.3,2177.44
2023-12-20,43662.8,2202.19
2023-12-21,43865.9,2239.62
2023-12-22,43968.9,2324.23
2023-12-23,43710.4,2308.61
2023-12-24,42981.5,2263.57
2023-12-25,43578.5,2271.38
2023-12-26,42513.3,2230.74
2023-12-27,43446.5,2378.63
2023-12-28,42581.1,2344.47
2023-12-29,42072.4,2299.24
2023-12-30,42136.7,2291.7
2023-12-31,42272.5,2281.9
2024-01-01,44183.4,2352.03
2024-01-02,44943.7,2355.27
2024-01-03,42836.1,2209.49
2024-01-04,44157.0,2267.27
2024-01-05,44156.9,2268.12
2024-01-06,43967.9,2240.49
2024-01-07,43927.3,2221.4
2024-01-08,46962.2,2330.98
2024-01-09,46129.0,2344.67
2024-01-10,46629.3,2581.79
2024-01-11,46348.2,2618.08
2024-01-12,42835.9,2523.98
2024-01-13,42851.3,2578.36
2024-01-14,41746.1,2473.96
2024-01-15,42510.7,2511.94
2024-01-16,43145.5,2588.64
2024-01-17,42768.7,2531.26
2024-01-18,41292.7,2469.77
2024-01-19,41648.0,2491.81
2024-01-20,41695.4,2472.03
2024-01-21,41583.2,2457.06
2024-01-22,39556.4,2313.64
2024-01-23,39888.8,2243.74
2024-01-24,40086.0,2234.64
2024-01-25,39935.7,2217.71
2024-01-26,41811.3,2267.55
2024-01-27,42120.9,2267.91
2024-01-28,42030.7,2256.92
2024-01-29,43299.8,2317.79
2024-01-30,42946.2,2343.11
2024-01-31,42580.5,2283.14
2024-02-01,43081.4,2304.28
2024-02-02,43194.7,2309.28
2024-02-03,43005.7,2296.5
2024-02-04,42581.4,2289.78
2024-02-05,42697.2,2301.83
2024-02-06,43087.7,2372.65
2024-02-07,44339.8,2424.64
2024-02-08,45293.3,2419.56
2024-02-09,47127.5,2486.24
2024-02-10,47758.2,2500.28
2024-02-11,48277.3,2506.69
2024-02-12,49941.3,2657.87
2024-02-13,49716.0,2640.1
2024-02-14,51782.4,2775.12
2024-02-15,51901.3,2822.59
2024-02-16,52134.2,2801.8
2024-02-17,51646.0,2785.9
2024-02-18,52117.5,2880.1
2024-02-19,51783.6,2944.8
2024-02-20,52263.5,3015.38
2024-02-21,51858.2,2971.18
2024-02-22,51320.4,2972.46
2024-02-23,50740.5,2922.24
2024-02-24,51571.6,2992.29
2024-02-25,51722.7,3112.59
2024-02-26,54495.1,3175.94
2024-02-27,57056.2,3242.14
2024-02-28,62467.6,3383.03
2024-02-29,61169.3,3339.26
2024-03-01,62397.7,3433.51
2024-03-02,61994.5,3420.64
2024-03-03,63135.8,3488.67
2024-03-04,68270.1,3626.34
2024-03-05,63792.6,3556.03
2024-03-06,66080.4,3814.56
2024-03-07,66855.3,3869.69
2024-03-08,68172.0,3883.2
2024-03-09,68366.5,3905.17
2024-03-10,68964.8,3878.47
2024-03-11,72099.1,4065.02
2024-03-12,71470.2,3979.3
2024-03-13,73066.3,4004.29
2024-03-14,71387.5,3883.94
2024-03-15,69463.7,3741.12
2024-03-16,65314.2,3523.68
2024-03-17,68391.2,3644.78
2024-03-18,67594.1,3520.3
2024-03-19,62050.0,3165.2
2024-03-20,67854.0,3514.73
2024-03-21,65503.8,3493.23
2024-03-22,63785.5,3334.12
2024-03-23,64037.8,3332.9
2024-03-24,67211.9,3455.33
2024-03-25,69892.0,3590.62
2024-03-26,69999.3,3587.5
2024-03-27,69442.4,3500.43
2024-03-28,70762.1,3559.43
2024-03-29,69871.7,3509.76
2024-03-30,69611.5,3506.83
2024-03-31,71332.0,3647.09
2024-04-01,69664.4,3502.82
2024-04-02,65439.2,3277.99
2024-04-03,65963.0,3310.62
2024-04-04,68496.5,3327.45
2024-04-05,67830.6,3317.84
2024-04-06,68890.6,3352.03
2024-04-07,69360.4,3454.17
2024-04-08,71630.1,3694.93
2024-04-09,69148.0,3506.96
2024-04-10,70622.1,3545.16
2024-04-11,70011.6,3502.55
2024-04-12,67151.9,3239.86
2024-04-13,63849.9,3004.44
2024-04-14,65697.4,3152.65
2024-04-15,63411.9,3100.94
2024-04-16,63805.3,3083.43
2024-04-17,61278.9,2985.82
2024-04-18,63481.4,3064.48
2024-04-19,63799.1,3056.23
2024-04-20,64961.1,3156.63
2024-04-21,64940.2,3147.83
2024-04-22,66829.3,3200.62
2024-04-23,66415.0,3220.13
2024-04-24,64285.7,3141.03
2024-04-25,64497.1,3155.83
2024-04-26,63766.4,3130.9
2024-04-27,63456.8,3255.57
2024-04-28,63109.7,3261.69
2024-04-29,63860.1,3216.29
2024-04-30,60666.6,3014.41
2024-05-01,58331.2,2973.27
2024-05-02,59121.3,2987.12
2024-05-03,62877.5,3102.25
2024-05-04,63888.3,3117.23
2024-05-05,64006.4,3136.4
2024-05-06,63163.1,3062.03
2024-05-07,62317.7,3006.36
2024-05-08,61207.5,2974.94
2024-05-09,63075.0,3036.32
2024-05-10,60796.9,2909.86
2024-05-11,60826.6,2912.56
2024-05-12,61480.0,2929.35
2024-05-13,62937.2,2951.01
2024-05-14,61569.4,2881.99
2024-05-15,66225.1,3034.71
2024-05-16,65231.0,2944.99
2024-05-17,67036.8,3092.75
2024-05-18,66917.5,3122.87
2024-05-19,66279.1,3072.08
2024-05-20,71422.7,3661.07
2024-05-21,70139.9,3790.46
2024-05-22,69155.4,3739.08
2024-05-23,67975.7,3785.65
2024-05-24,68547.6,3728.21
2024-05-25,69284.4,3749.28
2024-05-26,68514.8,3826.02
2024-05-27,69428.7,3894.33
2024-05-28,68366.0,3845.56
2024-05-29,67635.8,3769.57
2024-05-30,68354.7,3747.55
2024-05-31,67530.1,3762.66
2024-06-01,67760.8,3815.95
2024-06-02,67773.5,3782.08
2024-06-03,68807.8,3767.1
2024-06-04,70549.2,3810.35
2024-06-05,71083.7,3865.14
2024-06-06,70791.5,3812.95
2024-06-07,69347.9,3678.37
2024-06-08,69310.1,3681.59
2024-06-09,69650.6,3706.32
2024-06-10,69538.2,3667.85
2024-06-11,67319.8,3498.0
2024-06-12,68260.1,3559.95
2024-06-13,66773.1,3470.15
2024-06-14,66034.8,3481.84
2024-06-15,66223.0,3568.72
2024-06-16,66674.7,3625.11
2024-06-17,66498.8,3511.52
2024-06-18,65159.9,3484.55
2024-06-19,64980.9,3561.3
2024-06-20,64854.3,3512.91
2024-06-21,64128.5,3518.03
2024-06-22,64261.0,3495.87
2024-06-23,63196.2,3420.84
2024-06-24,60292.7,3352.29
2024-06-25,61809.4,3395.03
2024-06-26,60849.4,3370.72
2024-06-27,61685.3,3450.45
2024-06-28,60403.3,3380.15
2024-06-29,60973.4,3378.6
2024-06-30,62754.3,3437.84
2024-07-01,62890.1,3442.67
2024-07-02,62103.3,3421.71
2024-07-03,60199.3,3295.13
2024-07-04,57026.3,3057.81
2024-07-05,56641.8,2981.4
2024-07-06,58259.2,3068.79
2024-07-07,55861.1,2930.48
2024-07-08,56724.7,3019.64
2024-07-09,58039.4,3065.11
2024-07-10,57746.7,3101.17
2024-07-11,57337.3,3099.82
2024-07-12,57885.1,3133.33
2024-07-13,59209.8,3175.1
2024-07-14,60794.9,3243.5
2024-07-15,64782.4,3484.78
2024-07-16,65049.7,3442.99
2024-07-17,64089.2,3387.81
2024-07-18,63980.5,3425.94
2024-07-19,66677.4,3504.42
2024-07-20,67148.5,3517.04
2024-07-21,68158.7,3535.55
2024-07-22,67553.6,3440.01
2024-07-23,65937.8,3482.54
2024-07-24,65370.5,3335.33
2024-07-25,65799.3,3175.52
2024-07-26,67908.6,3275.12
2024-07-27,67843.1,3247.06
2024-07-28,68256.3,3270.32
2024-07-29,66798.7,3318.24
2024-07-30,66184.9,3278.94
2024-07-31,64626.0,3231.84
2024-08-01,65372.9,3204.93
2024-08-02,61478.7,2990.32
2024-08-03,60696.7,2904.59
2024-08-04,58141.8,2688.55
2024-08-05,53979.0,2415.99
2024-08-06,56057.8,2461.92
2024-08-07,55120.9,2337.83
2024-08-08,61699.7,2683.84
2024-08-09,60850.6,2598.9
2024-08-10,60931.7,2610.24
2024-08-11,58713.3,2553.57
2024-08-12,59350.0,2722.64
2024-08-13,60595.2,2702.95
2024-08-14,58707.8,2662.95
2024-08-15,57534.6,2569.44
2024-08-16,58877.2,2592.38
2024-08-17,59483.1,2614.35
2024-08-18,58446.3,2612.1
2024-08-19,59470.9,2637.1
2024-08-20,59005.8,2572.9
2024-08-21,61158.1,2630.67
2024-08-22,60372.2,2623.06
2024-08-23,64053.1,2762.86
2024-08-24,64159.3,2768.49
2024-08-25,64273.2,2747.99
2024-08-26,62846.2,2680.3
2024-08-27,59450.9,2457.99
2024-08-28,59016.0,2527.73
2024-08-29,59373.5,2528.72
2024-08-30,59119.7,2525.45
2024-08-31,58978.6,2513.56
2024-09-01,57315.7,2427.49
2024-09-02,59134.0,2538.35
2024-09-03,57479.8,2423.4
2024-09-04,57973.4,2450.18
2024-09-05,56183.2,2369.18
2024-09-06,53966.8,2225.72
2024-09-07,54156.5,2274.87
2024-09-08,54861.3,2296.19
2024-09-09,57049.6,2359.6
2024-09-10,57635.0,2387.71
2024-09-11,57338.7,2340.19
2024-09-12,58134.5,2361.79
2024-09-13,60511.6,2440.12
2024-09-14,59995.4,2417.56
2024-09-15,59138.5,2317.04
2024-09-16,58213.1,2295.72
2024-09-17,60309.1,2341.82
2024-09-18,61757.6,2372.18
2024-09-19,62938.6,2464.49
2024-09-20,63201.2,2561.79
2024-09-21,63348.1,2613.35
2024-09-22,63572.7,2582.35
2024-09-23,63331.8,2647.65
2024-09-24,64256.8,2652.5
2024-09-25,63156.5,2580.34
2024-09-26,65175.7,2632.05
2024-09-27,65776.3,2694.53
2024-09-28,65866.5,2675.71
2024-09-29,65607.1,2657.67
2024-09-30,63339.2,2603.48
2024-10-01,60835.5,2449.67
2024-10-02,60645.7,2365.57
2024-10-03,60751.2,2349.67
2024-10-04,62081.0,2414.43
2024-10-05,62061.4,2414.98
2024-10-06,62819.4,2440.33
2024-10-07,62245.6,2422.75
2024-10-08,62157.0,2440.93
2024-10-09,60628.8,2370.13
2024-10-10,60316.2,2385.4
2024-10-11,62499.4,2436.73
2024-10-12,63205.1,2476.48
2024-10-13,62870.9,2468.92
2024-10-14,66081.7,2630.54
2024-10-15,67077.5,2607.84
2024-10-16,67617.9,2611.09
2024-10-17,67418.4,2605.53
2024-10-18,68423.1,2641.72
2024-10-19,68372.0,2647.39
2024-10-20,69030.5,2747.28
2024-10-21,67371.3,2666.66
2024-10-22,67427.3,2621.79
2024-10-23,66663.7,2526.1
2024-10-24,68191.5,2535.87
2024-10-25,66696.8,2441.18
2024-10-26,67086.8,2482.52
2024-10-27,68004.6,2507.39
2024-10-28,69954.1,2567.41
2024-10-29,72730.4,2638.64
2024-10-30,72347.8,2658.62
2024-10-31,70281.8,2519.14
2024-11-01,69507.2,2511.96
2024-11-02,69325.8,2492.45
2024-11-03,68769.6,2457.68
2024-11-04,67848.8,2398.95
2024-11-05,69373.7,2422.5
2024-11-06,75586.3,2721.85
2024-11-07,75868.6,2894.13
2024-11-08,76517.3,2961.34
2024-11-09,76700.3,3127.69
2024-11-10,80388.5,3186.05
2024-11-11,88664.1,3372.13
2024-11-12,87941.3,3242.44
2024-11-13,90422.2,3187.02
2024-11-14,87294.0,3058.22
2024-11-15,91046.5,3089.45
2024-11-16,90539.1,3132.0
2024-11-17,89833.7,3075.42
2024-11-18,90478.7,3207.46
2024-11-19,92239.2,3105.97
2024-11-20,94303.9,3069.72
2024-11-21,98374.5,3356.43
2024-11-22,98929.7,3327.77
2024-11-23,97699.0,3393.91
2024-11-24,97935.2,3361.41
2024-11-25,93064.4,3412.18
2024-11-26,91977.6,3326.3
2024-11-27,95886.6,3653.79
2024-11-28,95645.5,3578.41
2024-11-29,97438.0,3592.13
2024-11-30,96405.7,3702.97
2024-12-01,97201.4,3708.33
2024-12-02,95846.6,3643.48
2024-12-03,95898.7,3615.07
2024-12-04,98635.8,3836.25
2024-12-05,96970.8,3785.1
2024-12-06,99760.7,3999.51
2024-12-07,99837.0,3996.24
2024-12-08,101115.8,4002.91
2024-12-09,97359.4,3718.98
2024-12-10,96600.3,3628.94
2024-12-11,101126.2,3831.41
2024-12-12,100009.9,3881.63
2024-12-13,101426.2,3909.48
2024-12-14,101417.7,3871.13
2024-12-15,104443.0,3959.81
2024-12-16,106057.6,3986.91
2024-12-17,106138.9,3892.79
2024-12-18,100197.8,3627.88
2024-12-19,97466.1,3418.84
2024-12-20,97795.7,3474.01
2024-12-21,97253.3,3338.66
2024-12-22,95183.8,3281.58
2024-12-23,94852.1,3422.01
2024-12-24,98668.1,3493.31
2024-12-25,99391.3,3496.49
2024-12-26,95777.7,3335.96
2024-12-27,94275.9,3334.19
2024-12-28,95284.5,3404.59
2024-12-29,93716.3,3355.97
2024-12-30,92779.8,3361.99
2024-12-31,93557.2,3337.8
2025-01-01,94560.2,3360.14
2025-01-02,96960.0,3455.19
2025-01-03,98167.5,3608.79
2025-01-04,98219.9,3656.13
2025-01-05,98347.7,3635.11
2025-01-06,102248.7,3687.75
2025-01-07,96929.8,3380.56
2025-01-08,95066.6,3327.14
2025-01-09,92539.8,3218.15
2025-01-10,94724.1,3267.08
2025-01-11,94612.0,3283.57
2025-01-12,94541.8,3267.3
2025-01-13,94536.1,3137.73
2025-01-14,96542.1,3224.06
2025-01-15,100499.8,3450.79
2025-01-16,100004.5,3307.0
2025-01-17,104084.9,3472.84
2025-01-18,104536.9,3308.74
2025-01-19,101319.5,3216.74
2025-01-20,102197.7,3282.68
2025-01-21,106157.2,3328.3
2025-01-22,103684.8,3242.6
2025-01-23,103912.1,3338.37
2025-01-24,104862.3,3311.05
2025-01-25,104742.9,3318.14
2025-01-26,102637.8,3234.18
2025-01-27,102091.7,3179.47
2025-01-28,101349.3,3077.83
2025-01-29,103722.0,3113.26
2025-01-30,104726.9,3247.22
2025-01-31,102424.2,3298.69
2025-02-01,100648.0,3119.13
2025-02-02,97684.9,2869.75
2025-02-03,101337.1,2881.9
2025-02-04,97793.4,2731.76
2025-02-05,96595.3,2785.62
2025-02-06,96568.8,2688.28
2025-02-07,96513.5,2622.81
2025-02-08,96447.9,2631.56
2025-02-09,96469.2,2628.27
2025-02-10,97434.7,2661.0
2025-02-11,95771.7,2603.11
2025-02-12,97881.3,2735.91
2025-02-13,96610.2,2675.3
2025-02-14,97504.6,2725.51
2025-02-15,97573.4,2693.4
2025-02-16,96132.1,2662.8
2025-02-17,95781.3,2743.47
2025-02-18,95638.0,2671.36
2025-02-19,96644.8,2716.16
2025-02-20,98310.3,2738.03
2025-02-21,96155.6,2662.35
2025-02-22,96556.1,2763.23
2025-02-23,96258.8,2819.69
2025-02-24,91508.5,2510.94
2025-02-25,88686.0,2496.06
2025-02-26,84212.7,2337.98
2025-02-27,84714.6,2307.73
2025-02-28,84381.2,2236.41
2025-03-01,86071.6,2217.53
2025-03-02,94265.1,2518.17
2025-03-03,86209.7,2149.11
2025-03-04,87266.3,2170.29
2025-03-05,90611.7,2241.65
2025-03-06,89930.9,2202.39
2025-03-07,86531.2,2141.17
2025-03-08,86221.9,2203.59
2025-03-09,80691.6,2019.89
2025-03-10,78575.9,1864.4
2025-03-11,82921.1,1922.28
2025-03-12,83664.3,1908.22
2025-03-13,81100.2,1864.69
2025-03-14,83977.1,1911.62
2025-03-15,84341.3,1937.17
2025-03-16,82578.4,1887.65
2025-03-17,84019.1,1926.35
2025-03-18,82719.1,1932.61
2025-03-19,86841.0,2056.62
2025-03-20,84208.1,1983.57
2025-03-21,84073.3,1965.58
2025-03-22,83840.5,1980.8
2025-03-23,86077.4,2006.02
2025-03-24,87490.0,2078.73
2025-03-25,87404.0,2066.19
2025-03-26,86912.0,2009.59
2025-03-27,87228.2,2003.67
2025-03-28,84410.4,1896.69
2025-03-29,82645.7,1827.84
2025-03-30,82371.6,1807.02
2025-03-31,82548.8,1821.95
2025-04-01,85164.2,1904.99
2025-04-02,82525.0,1795.59
2025-04-03,83159.4,1816.53
2025-04-04,83866.7,1816.36
2025-04-05,83552.1,1806.47
2025-04-06,78391.3,1580.65
2025-04-07,79162.5,1553.01
2025-04-08,76312.5,1473.4
2025-04-09,82607.0,1669.74
2025-04-10,79607.5,1522.13
2025-04-11,83413.1,1566.77
2025-04-12,85292.7,1644.12
2025-04-13,83734.4,1597.77
2025-04-14,84586.4,1623.73
2025-04-15,83647.0,1588.8
2025-04-16,84032.2,1577.14
2025-04-17,84940.0,1582.73
2025-04-18,84474.6,1588.93
2025-04-19,85068.1,1612.58
2025-04-20,85179.0,1587.28
2025-04-21,87516.0,1579.59
2025-04-22,93441.9,1756.11
2025-04-23,93697.7,1795.07
2025-04-24,93980.3,1769.53
2025-04-25,94676.9,1785.96
2025-04-26,94631.4,1820.65
2025-04-27,93742.5,1791.42
2025-04-28,94995.0,1799.24
2025-04-29,94269.8,1798.47
2025-04-30,94184.4,1793.58
2025-05-01,96499.3,1838.32
2025-05-02,96894.4,1842.06
2025-05-03,95885.8,1833.93
2025-05-04,94316.9,1809.05
2025-05-05,94745.2,1820.34
2025-05-06,96825.4,1816.6
2025-05-07,97035.1,1811.2
2025-05-08,103274.3,2206.13
2025-05-09,102975.1,2345.27
2025-05-10,104798.0,2583.78
2025-05-11,104119.2,2515.22
2025-05-12,102795.0,2495.73
2025-05-13,104119.2,2680.05
2025-05-14,103513.9,2609.68
2025-05-15,103765.4,2548.16
2025-05-16,103480.5,2537.04
2025-05-17,103112.6,2475.04
2025-05-18,106504.5,2498.97
2025-05-19,105585.8,2528.21
2025-05-20,106815.8,2523.82
2025-05-21,109640.1,2551.42
2025-05-22,111702.7,2663.77
2025-05-23,107313.4,2526.46
2025-05-24,107763.0,2529.32
2025-05-25,109021.1,2551.2
2025-05-26,109455.3,2563.84
2025-05-27,108944.0,2660.88
2025-05-28,107786.7,2681.2
2025-05-29,105600.0,2632.5
2025-05-30,103981.3,2531.29
2025-05-31,104598.0,2528.09
2025-06-01,105635.2,2537.51
2025-06-02,105845.6,2606.81
2025-06-03,105390.8,2609.46
